full_name,owner,html_url,stargazers_count,forks_count,watchers_count,contributors_count,language,size,LOC,first_commit_date,last_commit_date,commits_count,year,month,days,year,month,days,year,month,days,open_issues_count,closed_issues_count,issues_count,open_pulls_count,closed_pulls_count,Total PR,merged_pulls_count,% of open_pulls_count,% of Merged,archived
acr-dotnet-manage-azure-container-registry,Microsoft Azure,https://github.com/Azure-Samples/acr-dotnet-manage-azure-container-registry,2,3,22,10,C#,28.230,54.220,16/06/2017,17/01/2024,33,6,7,1,7,2,3,0,7,2,2,10,12,2,10,12,1,"16,67%","10,00%",FALSE
acr-dotnet-manage-azure-container-registry-with-webhooks,Microsoft Azure,https://github.com/Azure-Samples/acr-dotnet-manage-azure-container-registry-with-webhooks,2,1,22,8,C#,28.155,55.379,06/12/2017,17/01/2024,21,6,1,11,6,8,13,0,7,2,2,10,12,2,10,12,1,"16,67%","10,00%",FALSE
acr-tasks,Microsoft Azure,https://github.com/Azure-Samples/acr-tasks,31,51,26,10,C#,63,4.429,10/09/2018,27/10/2023,69,5,1,17,5,11,9,0,9,23,1,18,19,1,18,19,15,"5,26%","83,33%",FALSE
active-directory-b2c-dotnet-desktop,Microsoft Azure,https://github.com/Azure-Samples/active-directory-b2c-dotnet-desktop,75,38,49,21,C#,150,18.473,08/08/2019,13/05/2024,170,4,9,5,5,0,11,0,3,6,4,107,111,1,81,82,73,"1,22%","90,12%",FALSE
active-directory-b2c-javascript-nodejs-webapi,Microsoft Azure,https://github.com/Azure-Samples/active-directory-b2c-javascript-nodejs-webapi,141,90,50,17,JavaScript,204,6.986,02/05/2017,08/07/2024,80,7,2,6,7,3,17,0,1,11,0,40,40,0,23,23,17,"0,00%","73,91%",FALSE
active-directory-b2c-xamarin-native,Microsoft Azure,https://github.com/Azure-Samples/active-directory-b2c-xamarin-native,109,65,55,24,C#,1.221,28.674,25/07/2019,08/07/2024,219,4,11,13,5,0,25,0,1,11,18,174,192,3,87,90,77,"3,33%","88,51%",FALSE
active-directory-dotnet-native-aspnetcore-v2,Microsoft Azure,https://github.com/Azure-Samples/active-directory-dotnet-native-aspnetcore-v2,280,196,54,28,C#,1.373,91.459,04/05/2021,12/06/2024,505,3,1,8,3,3,15,0,2,7,16,248,264,1,196,197,172,"0,51%","87,76%",FALSE
active-directory-dotnetcore-console-up-v2,Microsoft Azure,https://github.com/Azure-Samples/active-directory-dotnetcore-console-up-v2,77,37,43,17,C#,176,39.095,30/04/2019,10/02/2024,136,4,9,11,5,3,20,0,6,9,2,68,70,2,59,61,57,"3,28%","96,61%",FALSE
active-directory-verifiable-credentials-node,Microsoft Azure,https://github.com/Azure-Samples/active-directory-verifiable-credentials-node,16,25,29,7,JavaScript,603,91.251,24/09/2021,23/11/2023,81,2,1,30,2,10,26,0,8,27,0,25,25,0,22,22,20,"0,00%","90,91%",FALSE
agent-openai-python-prompty,Microsoft Azure,https://github.com/Azure-Samples/agent-openai-python-prompty,53,37,19,10,Python,2.877,97.523,17/05/2024,24/06/2024,206,0,1,7,0,3,2,0,1,26,10,103,112,3,83,86,78,"3,49%","93,98%",FALSE
ai-rag-chat-evaluator,Microsoft Azure,https://github.com/Azure-Samples/ai-rag-chat-evaluator,175,66,75,9,Python,1.198,64.638,20/01/2024,17/07/2024,147,0,5,27,0,6,30,0,1,2,12,85,97,1,56,57,43,"1,75%","76,79%",FALSE
aistudio-python-promptflow-sample,Microsoft Azure,https://github.com/Azure-Samples/aistudio-python-promptflow-sample,11,25,14,5,Python,3.458,68.890,10/11/2023,28/05/2024,21,0,6,18,0,9,9,0,2,22,2,6,8,1,6,7,5,"14,29%","83,33%",FALSE
aistudio-python-quickstart-sample,Microsoft Azure,https://github.com/Azure-Samples/aistudio-python-quickstart-sample,23,31,12,5,Jupyter Notebook,3.828,50.924,10/11/2023,28/05/2024,20,0,6,18,0,9,9,0,2,22,2,4,6,2,4,6,1,"33,33%","25,00%",FALSE
amazon-bedrock-audio-summarizer,Amazon AWS,https://github.com/aws-samples/amazon-bedrock-audio-summarizer,110,23,3,6,Python,257,34.195,22/04/2024,21/05/2024,26,0,0,29,0,3,28,0,2,29,2,12,14,0,10,10,9,"0,00%","90,00%",FALSE
amazon-bedrock-rag,Amazon AWS,https://github.com/aws-samples/amazon-bedrock-rag,38,11,4,5,JavaScript,1.306,16.978,19/02/2024,15/05/2024,31,0,2,26,0,6,0,0,3,4,1,11,12,0,10,10,10,"0,00%","100,00%",FALSE
amazon-chime-sdk-meetings-with-amplify,Amazon AWS,https://github.com/aws-samples/amazon-chime-sdk-meetings-with-amplify,3,5,10,5,JavaScript,1.914,19.027,23/11/2022,17/03/2024,50,1,3,23,1,8,27,0,5,2,3,17,20,3,17,20,16,"15,00%","94,12%",FALSE
amazon-chime-sdk-pstn-audio-voice-focus,Amazon AWS,https://github.com/aws-samples/amazon-chime-sdk-pstn-audio-voice-focus,4,3,4,5,Python,1.973,14.791,13/01/2022,20/10/2023,30,1,9,7,2,7,6,0,9,30,3,11,14,3,11,14,11,"21,43%","100,00%",FALSE
amazon-cloudfront-access-logs-queries,Amazon AWS,https://github.com/aws-samples/amazon-cloudfront-access-logs-queries,110,68,10,7,JavaScript,405,6.656,20/12/2018,26/04/2024,23,5,4,6,5,7,30,0,3,24,5,22,27,1,12,13,5,"7,69%","41,67%",FALSE
amazon-cloudfront-cache-graphql,Amazon AWS,https://github.com/aws-samples/amazon-cloudfront-cache-graphql,22,1,6,5,Python,1.490,9.606,10/03/2022,30/08/2023,22,1,5,20,2,5,9,0,11,20,1,8,9,1,7,8,7,"12,50%","100,00%",FALSE
amazon-cloudfront-functions,Amazon AWS,https://github.com/aws-samples/amazon-cloudfront-functions,459,72,18,8,JavaScript,39,15.310,04/05/2021,21/06/2024,24,3,1,17,3,3,15,0,1,29,26,18,45,10,8,18,8,"55,56%","100,00%",FALSE
amazon-cloudfront-secure-static-site,Amazon AWS,https://github.com/aws-samples/amazon-cloudfront-secure-static-site,381,137,14,10,JavaScript,322,5.846,09/05/2020,17/05/2024,84,4,0,8,4,3,10,0,3,2,6,70,76,1,46,47,43,"2,13%","93,48%",FALSE
amazon-cloudwatch-auto-alarms,Amazon AWS,https://github.com/aws-samples/amazon-cloudwatch-auto-alarms,90,84,6,7,Python,403,49.680,13/10/2020,12/04/2024,81,3,5,30,3,10,6,0,4,7,29,28,57,3,18,21,17,"14,29%","94,44%",FALSE
amazon-codeguru-javascript-detectors,Amazon AWS,https://github.com/aws-samples/amazon-codeguru-javascript-detectors,3,17,5,11,JavaScript,164,44.623,17/02/2023,04/10/2023,69,0,7,17,1,6,2,0,10,15,5,69,74,5,69,74,63,"6,76%","91,30%",FALSE
amazon-codeguru-python-detectors,Amazon AWS,https://github.com/aws-samples/amazon-codeguru-python-detectors,22,24,6,16,Python,12.520,99.336,09/12/2021,01/05/2024,75,2,4,22,2,8,10,0,3,18,16,85,101,16,84,100,73,"16,00%","86,90%",FALSE
amazon-connect-chat-translate,Amazon AWS,https://github.com/aws-samples/amazon-connect-chat-translate,11,75,5,5,JavaScript,5.291,33.333,25/03/2024,08/08/2024,158,0,4,14,0,4,25,0,0,11,10,43,53,8,38,46,22,"17,39%","57,89%",FALSE
amazon-devops-guru-connector-servicenow,Amazon AWS,https://github.com/aws-samples/amazon-devops-guru-connector-servicenow,4,2,4,6,Java,93,31.436,25/07/2022,16/10/2023,35,1,2,21,2,0,25,0,10,3,1,7,8,0,7,7,7,"0,00%","100,00%",FALSE
amazon-eks-inter-az-traffic-visibility,Amazon AWS,https://github.com/aws-samples/amazon-eks-inter-az-traffic-visibility,17,7,5,5,Python,1.855,46.116,25/09/2022,24/06/2024,32,1,8,30,1,10,25,0,1,26,1,27,28,0,24,24,19,"0,00%","79,17%",FALSE
amazon-elasticache-samples,Amazon AWS,https://github.com/aws-samples/amazon-elasticache-samples,66,50,8,8,Python,28.099,60.113,26/07/2019,31/07/2024,107,5,0,5,5,0,24,0,0,19,13,52,65,13,52,65,37,"20,00%","71,15%",FALSE
amazon-eventbridge-resource-policy-samples,Amazon AWS,https://github.com/aws-samples/amazon-eventbridge-resource-policy-samples,100,10,16,5,Python,2.692,52.082,18/11/2020,30/06/2024,86,3,7,12,3,9,1,0,1,20,0,27,27,0,25,25,17,"0,00%","68,00%",FALSE
amazon-forecast-mlops-pipeline-cdk,Amazon AWS,https://github.com/aws-samples/amazon-forecast-mlops-pipeline-cdk,10,2,8,7,Python,1.136,31.125,11/07/2022,09/07/2024,19,1,11,28,2,1,8,0,1,10,0,7,7,0,7,7,7,"0,00%","100,00%",FALSE
amazon-ivs-chat-web-demo,Amazon AWS,https://github.com/aws-samples/amazon-ivs-chat-web-demo,26,22,13,5,JavaScript,613,77.381,20/04/2022,21/09/2023,15,1,5,1,2,3,30,0,10,29,0,12,12,0,8,8,7,"0,00%","87,50%",FALSE
amazon-ivs-clip-web-demo,Amazon AWS,https://github.com/aws-samples/amazon-ivs-clip-web-demo,18,7,15,6,JavaScript,1.024,38.635,19/11/2020,22/01/2024,37,3,2,3,3,9,0,0,6,28,5,16,21,4,14,18,14,"22,22%","100,00%",FALSE
amazon-ivs-dvr-web-demo,Amazon AWS,https://github.com/aws-samples/amazon-ivs-dvr-web-demo,19,10,13,7,JavaScript,5.661,88.468,01/04/2022,16/07/2024,45,2,3,15,2,4,18,0,1,3,5,21,26,5,19,24,17,"20,83%","89,47%",FALSE
amazon-ivs-ecommerce-android-demo,Amazon AWS,https://github.com/aws-samples/amazon-ivs-ecommerce-android-demo,22,10,15,5,Kotlin,1.974,33.071,15/09/2020,17/10/2023,47,3,1,2,3,11,4,0,10,2,0,21,21,0,21,21,21,"0,00%","100,00%",FALSE
amazon-ivs-fitness-web-demo,Amazon AWS,https://github.com/aws-samples/amazon-ivs-fitness-web-demo,10,5,14,6,JavaScript,3.546,95.216,22/03/2022,07/03/2024,31,1,11,14,2,4,28,0,5,12,5,20,25,5,20,25,12,"20,00%","60,00%",FALSE
amazon-ivs-on-demand-android-demo,Amazon AWS,https://github.com/aws-samples/amazon-ivs-on-demand-android-demo,2,5,14,6,Kotlin,881,15.356,21/04/2021,17/10/2023,43,2,5,26,3,3,29,0,10,2,0,19,19,0,19,19,18,"0,00%","94,74%",FALSE
amazon-ivs-player-android-sample,Amazon AWS,https://github.com/aws-samples/amazon-ivs-player-android-sample,28,9,15,15,Kotlin,314,86.111,06/04/2020,08/08/2024,56,4,4,2,4,4,13,0,0,11,6,43,49,0,38,38,38,"0,00%","100,00%",FALSE
amazon-ivs-player-web-sample,Amazon AWS,https://github.com/aws-samples/amazon-ivs-player-web-sample,78,32,20,14,JavaScript,1.617,2.815,11/03/2021,08/08/2024,128,3,4,28,3,5,8,0,0,11,16,79,95,1,56,57,43,"1,75%","76,79%",FALSE
amazon-ivs-real-time-streaming-android-samples,Amazon AWS,https://github.com/aws-samples/amazon-ivs-real-time-streaming-android-samples,3,2,12,8,Kotlin,125,24.180,02/06/2023,23/07/2024,34,1,1,21,1,2,17,0,0,27,0,13,13,0,13,13,12,"0,00%","92,31%",FALSE
amazon-kendra-langchain-extensions,Amazon AWS,https://github.com/aws-samples/amazon-kendra-langchain-extensions,156,104,4,13,Python,109,76.265,15/05/2023,06/05/2024,109,0,11,21,1,3,4,0,3,13,10,74,84,5,53,58,38,"8,62%","71,70%",FALSE
amazon-kinesis-analytics-beam-taxi-consumer,Amazon AWS,https://github.com/aws-samples/amazon-kinesis-analytics-beam-taxi-consumer,46,23,12,6,Java,1.293,33.927,19/06/2019,25/10/2023,83,4,4,6,5,2,0,0,9,25,0,23,23,0,21,21,15,"0,00%","71,43%",FALSE
amazon-kinesis-analytics-streaming-etl,Amazon AWS,https://github.com/aws-samples/amazon-kinesis-analytics-streaming-etl,64,17,12,6,Java,1.981,50.509,28/01/2020,30/08/2023,77,3,7,2,4,6,22,0,11,20,7,17,24,6,16,22,14,"27,27%","87,50%",FALSE
amazon-kinesis-data-analytics-flink-benchmarking-utility,Amazon AWS,https://github.com/aws-samples/amazon-kinesis-data-analytics-flink-benchmarking-utility,20,5,7,5,Java,288,36.343,02/10/2020,30/08/2023,14,2,10,28,3,10,17,0,11,20,1,3,4,0,3,3,3,"0,00%","100,00%",FALSE
amazon-kinesis-data-analytics-snapshot-manager-for-flink,Amazon AWS,https://github.com/aws-samples/amazon-kinesis-data-analytics-snapshot-manager-for-flink,18,6,7,5,Python,329,44.471,27/10/2020,30/08/2023,15,2,10,3,3,9,23,0,11,20,0,3,3,0,3,3,3,"0,00%","100,00%",FALSE
amazon-location-service-pettracker-demo,Amazon AWS,https://github.com/aws-samples/amazon-location-service-pettracker-demo,27,5,5,5,JavaScript,8.329,78.498,21/07/2022,09/08/2024,353,2,0,19,2,0,29,0,0,10,0,63,63,0,54,54,47,"0,00%","87,04%",FALSE
amazon-lookout-for-vision,Amazon AWS,https://github.com/aws-samples/amazon-lookout-for-vision,19,25,6,8,Jupyter Notebook,508.985,96.300,27/01/2021,31/05/2024,28,3,4,4,3,6,23,0,2,19,2,7,9,0,7,7,6,"0,00%","85,71%",FALSE
amazon-lookout-for-vision-demo,Amazon AWS,https://github.com/aws-samples/amazon-lookout-for-vision-demo,29,7,10,6,JavaScript,10.529,58.344,02/12/2020,20/06/2024,111,3,6,18,3,8,17,0,1,30,3,43,46,1,43,44,42,"2,27%","97,67%",FALSE
amazon-rekognition-custom-labels-demo,Amazon AWS,https://github.com/aws-samples/amazon-rekognition-custom-labels-demo,91,42,14,8,JavaScript,8.397,57.296,24/03/2020,18/06/2024,197,4,2,25,4,4,26,0,2,1,0,61,61,0,60,60,57,"0,00%","95,00%",FALSE
amazon-rekognition-engagement-meter,Amazon AWS,https://github.com/aws-samples/amazon-rekognition-engagement-meter,57,22,14,8,JavaScript,4.363,33.413,06/06/2019,18/06/2024,253,5,0,12,5,2,13,0,2,1,0,101,101,0,93,93,89,"0,00%","95,70%",FALSE
amazon-rekognition-ppe,Amazon AWS,https://github.com/aws-samples/amazon-rekognition-ppe,35,20,10,7,Python,37.387,9.196,24/12/2020,18/06/2024,259,3,5,25,3,7,26,0,2,1,0,93,93,0,88,88,81,"0,00%","92,05%",FALSE
amazon-rekognition-serverless-large-scale-image-and-video-processing,Amazon AWS,https://github.com/aws-samples/amazon-rekognition-serverless-large-scale-image-and-video-processing,34,20,9,5,Python,4.006,83.978,08/04/2021,31/05/2024,41,3,1,23,3,4,11,0,2,19,8,13,21,7,11,18,7,"38,89%","63,64%",FALSE
amazon-rekognition-virtual-proctor,Amazon AWS,https://github.com/aws-samples/amazon-rekognition-virtual-proctor,81,89,9,7,JavaScript,7.404,44.053,01/03/2021,18/06/2024,178,3,3,17,3,5,18,0,2,1,0,70,70,0,68,68,65,"0,00%","95,59%",FALSE
amazon-s3-multipart-upload-transfer-acceleration,Amazon AWS,https://github.com/aws-samples/amazon-s3-multipart-upload-transfer-acceleration,65,18,4,5,JavaScript,2.637,25.656,23/01/2023,30/07/2024,49,1,6,7,1,6,27,0,0,20,0,26,26,0,23,23,23,"0,00%","100,00%",FALSE
amazon-s3-resumable-upload,Amazon AWS,https://github.com/aws-samples/amazon-s3-resumable-upload,163,90,27,5,Go,174.734,82.163,15/04/2020,23/06/2024,220,4,2,8,4,4,4,0,1,27,0,22,22,0,2,2,2,"0,00%","100,00%",FALSE
amazon-sagemaker-amazon-routing-challenge-sol,Amazon AWS,https://github.com/aws-samples/amazon-sagemaker-amazon-routing-challenge-sol,55,13,7,5,Python,2.040,52.654,26/04/2022,05/06/2024,44,2,1,10,2,3,24,0,2,14,1,7,8,1,6,7,5,"14,29%","83,33%",FALSE
amazon-sagemaker-endpoint-deployment-of-siamese-network-with-torchserve,Amazon AWS,https://github.com/aws-samples/amazon-sagemaker-endpoint-deployment-of-siamese-network-with-torchserve,12,4,7,5,Jupyter Notebook,9.379,49.649,26/05/2022,25/02/2024,27,1,8,30,2,2,24,0,5,25,2,10,12,2,10,12,9,"16,67%","90,00%",FALSE
amazon-sagemaker-mlflow-fargate,Amazon AWS,https://github.com/aws-samples/amazon-sagemaker-mlflow-fargate,139,76,28,5,Jupyter Notebook,914,26.306,03/12/2020,18/06/2024,42,3,6,15,3,8,16,0,2,1,5,21,26,3,14,17,9,"17,65%","64,29%",FALSE
amazon-translate-pdf,Amazon AWS,https://github.com/aws-samples/amazon-translate-pdf,9,3,5,5,Java,161.862,13.971,26/10/2021,12/07/2024,36,2,8,16,2,9,24,0,1,7,1,8,9,1,8,9,8,"11,11%","100,00%",FALSE
amazon-workspaces-portal-sample,Amazon AWS,https://github.com/aws-samples/amazon-workspaces-portal-sample,30,20,6,5,Python,59,36.569,05/11/2018,16/05/2024,29,5,6,11,5,9,14,0,3,3,0,3,3,0,3,3,3,"0,00%","100,00%",FALSE
android-custom-lint-rules,Google Android,https://github.com/googlesamples/android-custom-lint-rules,949,170,38,14,Kotlin,5.925,17.848,16/10/2017,18/07/2024,116,6,9,2,6,10,3,0,1,1,22,70,92,2,55,57,49,"3,51%","89,09%",FALSE
aoai-net-starterkit,Microsoft Azure,https://github.com/Azure-Samples/aoai-net-starterkit,57,12,13,6,C#,8.438,14.857,20/09/2023,30/06/2024,35,0,9,10,0,10,30,0,1,20,1,15,16,0,14,14,14,"0,00%","100,00%",FALSE
api-management-schema-import,Microsoft Azure,https://github.com/Azure-Samples/api-management-schema-import,15,13,28,8,C#,684,59.986,06/10/2021,16/05/2024,83,2,7,10,2,10,13,0,3,3,2,21,23,0,19,19,18,"0,00%","94,74%",FALSE
app-service-dotnet-access-key-vault-by-msi-for-web-apps,Microsoft Azure,https://github.com/Azure-Samples/app-service-dotnet-access-key-vault-by-msi-for-web-apps,6,5,23,10,C#,28.164,62.173,13/02/2018,17/01/2024,36,5,11,4,6,6,6,0,7,2,2,12,14,2,12,14,3,"14,29%","25,00%",FALSE
app-service-dotnet-configure-deployment-sources-for-functions,Microsoft Azure,https://github.com/Azure-Samples/app-service-dotnet-configure-deployment-sources-for-functions,4,2,22,12,C#,28.230,23.645,11/04/2017,17/01/2024,42,6,9,6,7,4,8,0,7,2,3,11,14,2,11,13,2,"15,38%","18,18%",FALSE
app-service-dotnet-configure-deployment-sources-for-web-apps,Microsoft Azure,https://github.com/Azure-Samples/app-service-dotnet-configure-deployment-sources-for-web-apps,1,11,24,11,C#,28.258,20.979,20/12/2016,17/01/2024,62,7,0,28,7,7,30,0,7,2,3,17,20,2,17,19,12,"10,53%","70,59%",FALSE
app-service-dotnet-configure-deployment-sources-for-web-apps-async,Microsoft Azure,https://github.com/Azure-Samples/app-service-dotnet-configure-deployment-sources-for-web-apps-async,0,2,22,11,C#,28.238,19.046,11/04/2017,17/01/2024,39,6,9,6,7,4,8,0,7,2,2,11,13,2,11,13,1,"15,38%","9,09%",FALSE
app-service-dotnet-configure-deployment-sources-for-web-apps-on-linux,Microsoft Azure,https://github.com/Azure-Samples/app-service-dotnet-configure-deployment-sources-for-web-apps-on-linux,0,1,22,11,C#,28.203,20.413,11/04/2017,17/01/2024,32,6,9,6,7,4,8,0,7,2,2,11,13,2,11,13,1,"15,38%","9,09%",FALSE
app-service-dotnet-deploy-image-from-acr-to-linux,Microsoft Azure,https://github.com/Azure-Samples/app-service-dotnet-deploy-image-from-acr-to-linux,0,2,22,10,C#,28.253,51.310,16/06/2017,17/01/2024,33,6,7,1,7,2,3,0,7,2,2,10,12,2,10,12,1,"16,67%","10,00%",FALSE
app-service-dotnet-manage-authentication-for-functions,Microsoft Azure,https://github.com/Azure-Samples/app-service-dotnet-manage-authentication-for-functions,2,3,23,11,C#,28.209,24.354,11/04/2017,17/01/2024,34,6,9,6,7,4,8,0,7,2,2,11,13,2,11,13,1,"15,38%","9,09%",FALSE
app-service-dotnet-manage-authentication-for-web-apps,Microsoft Azure,https://github.com/Azure-Samples/app-service-dotnet-manage-authentication-for-web-apps,2,5,22,11,C#,28.204,21.313,11/04/2017,17/01/2024,32,6,9,6,7,4,8,0,7,2,2,11,13,2,11,13,1,"15,38%","9,09%",FALSE
app-service-dotnet-manage-data-connections-for-web-apps,Microsoft Azure,https://github.com/Azure-Samples/app-service-dotnet-manage-data-connections-for-web-apps,0,6,23,10,C#,28.209,18.561,28/12/2016,17/01/2024,39,7,0,20,7,7,22,0,7,2,2,14,16,2,14,16,3,"12,50%","21,43%",FALSE
app-service-dotnet-manage-data-connections-for-web-apps-on-linux,Microsoft Azure,https://github.com/Azure-Samples/app-service-dotnet-manage-data-connections-for-web-apps-on-linux,0,2,22,11,C#,28.203,18.364,11/04/2017,17/01/2024,33,6,9,6,7,4,8,0,7,2,2,11,13,2,11,13,1,"15,38%","9,09%",FALSE
app-service-dotnet-manage-functions,Microsoft Azure,https://github.com/Azure-Samples/app-service-dotnet-manage-functions,3,2,23,11,C#,28.201,17.516,11/04/2017,17/01/2024,29,6,9,6,7,4,8,0,7,2,2,11,13,2,11,13,1,"15,38%","9,09%",FALSE
app-service-dotnet-manage-functions-with-custom-domains,Microsoft Azure,https://github.com/Azure-Samples/app-service-dotnet-manage-functions-with-custom-domains,1,2,22,11,C#,28.204,10.270,11/04/2017,17/01/2024,32,6,9,6,7,4,8,0,7,2,2,11,13,2,11,13,1,"15,38%","9,09%",FALSE
app-service-dotnet-manage-logs-for-function-apps,Microsoft Azure,https://github.com/Azure-Samples/app-service-dotnet-manage-logs-for-function-apps,2,3,22,8,C#,28.134,13.403,13/02/2018,17/01/2024,22,5,11,4,6,6,6,0,7,2,2,10,12,2,10,12,1,"16,67%","10,00%",FALSE
app-service-dotnet-manage-staging-and-production-slots-for-web-apps,Microsoft Azure,https://github.com/Azure-Samples/app-service-dotnet-manage-staging-and-production-slots-for-web-apps,3,4,23,10,C#,28.205,14.322,20/12/2016,17/01/2024,36,7,0,28,7,7,30,0,7,2,2,13,15,2,13,15,3,"13,33%","23,08%",FALSE
app-service-dotnet-manage-storage-connections-for-web-apps,Microsoft Azure,https://github.com/Azure-Samples/app-service-dotnet-manage-storage-connections-for-web-apps,2,4,23,10,C#,28.207,16.422,20/12/2016,17/01/2024,39,7,0,28,7,7,30,0,7,2,2,14,16,2,14,16,4,"12,50%","28,57%",FALSE
app-service-dotnet-manage-storage-connections-for-web-apps-on-linux,Microsoft Azure,https://github.com/Azure-Samples/app-service-dotnet-manage-storage-connections-for-web-apps-on-linux,0,1,22,11,C#,28.202,17.494,11/04/2017,17/01/2024,32,6,9,6,7,4,8,0,7,2,2,11,13,2,11,13,1,"15,38%","9,09%",FALSE
app-service-dotnet-manage-web-apps,Microsoft Azure,https://github.com/Azure-Samples/app-service-dotnet-manage-web-apps,8,7,24,10,C#,28.203,16.080,20/12/2016,17/01/2024,33,7,0,28,7,7,30,0,7,2,2,14,16,2,13,15,3,"13,33%","23,08%",FALSE
app-service-dotnet-manage-web-apps-on-linux,Microsoft Azure,https://github.com/Azure-Samples/app-service-dotnet-manage-web-apps-on-linux,0,5,22,11,C#,28.202,16.075,06/04/2017,17/01/2024,30,6,9,11,7,4,13,0,7,2,2,11,13,2,11,13,1,"15,38%","9,09%",FALSE
app-service-dotnet-manage-web-apps-on-linux-with-custom-domains,Microsoft Azure,https://github.com/Azure-Samples/app-service-dotnet-manage-web-apps-on-linux-with-custom-domains,2,1,22,10,C#,28.202,18.555,06/04/2017,17/01/2024,29,6,9,11,7,4,13,0,7,2,3,11,14,2,11,13,1,"15,38%","9,09%",FALSE
app-service-dotnet-manage-web-apps-with-custom-domains,Microsoft Azure,https://github.com/Azure-Samples/app-service-dotnet-manage-web-apps-with-custom-domains,8,3,23,9,C#,28.201,18.526,20/12/2016,17/01/2024,31,7,0,28,7,7,30,0,7,2,2,14,16,2,13,15,3,"13,33%","23,08%",FALSE
app-service-dotnet-scale-web-apps,Microsoft Azure,https://github.com/Azure-Samples/app-service-dotnet-scale-web-apps,31,68,23,10,C#,28.235,21.736,20/12/2016,17/01/2024,38,7,0,28,7,7,30,0,7,2,4,13,17,2,13,15,3,"13,33%","23,08%",FALSE
app-service-dotnet-scale-web-apps-on-linux,Microsoft Azure,https://github.com/Azure-Samples/app-service-dotnet-scale-web-apps-on-linux,0,3,22,11,C#,28.205,21.683,11/04/2017,17/01/2024,32,6,9,6,7,4,8,0,7,2,2,11,13,2,11,13,1,"15,38%","9,09%",FALSE
app-service-language-detector,Microsoft Azure,https://github.com/Azure-Samples/app-service-language-detector,1,7,14,6,JavaScript,715,17.138,22/10/2021,19/03/2024,18,2,4,26,2,9,28,0,5,0,0,3,4,1,3,4,3,"25,00%","100,00%",FALSE
appfabric-sample-log-generator,Amazon AWS,https://github.com/aws-samples/appfabric-sample-log-generator,2,1,3,5,JavaScript,523,30.751,29/03/2024,09/08/2024,11,0,4,11,0,4,21,0,0,10,1,2,3,1,2,3,2,"33,33%","100,00%",FALSE
ApplicationInsights-Java-Samples,Microsoft Azure,https://github.com/Azure-Samples/ApplicationInsights-Java-Samples,2,10,15,6,Java,15.083,47.203,30/04/2024,08/08/2024,459,0,3,9,0,3,20,0,0,11,1,481,482,1,481,482,448,"0,21%","93,14%",FALSE
appmod-partners-serverless,Amazon AWS,https://github.com/aws-samples/appmod-partners-serverless,6,2,6,5,Python,1.266,66.294,23/05/2023,06/08/2024,34,1,2,14,1,2,27,0,0,13,0,8,8,0,8,8,8,"0,00%","100,00%",FALSE
ARGUS,Microsoft Azure,https://github.com/Azure-Samples/ARGUS,13,7,9,9,Python,34.364,90.724,29/05/2024,09/08/2024,110,0,2,11,0,2,21,0,0,10,4,1,5,3,0,3,0,"100,00%",-,FALSE
ASA-Samples-Restful-Application,Microsoft Azure,https://github.com/Azure-Samples/ASA-Samples-Restful-Application,3,5,13,6,Java,508,39.494,17/07/2023,22/04/2024,19,0,9,5,1,1,2,0,3,28,0,6,6,0,6,6,6,"0,00%","100,00%",FALSE
avp-petstore-sample,Amazon AWS,https://github.com/aws-samples/avp-petstore-sample,33,132,6,6,JavaScript,31.742,20.380,11/05/2023,04/10/2023,83,0,4,23,1,3,8,0,10,15,9,10,19,8,10,18,10,"44,44%","100,00%",FALSE
aws-amplify-example-recipe-app-react-native,Amazon AWS,https://github.com/aws-samples/aws-amplify-example-recipe-app-react-native,8,7,11,5,Java,5.752,15.851,06/04/2021,30/08/2023,57,2,4,24,3,4,13,0,11,20,3,20,23,3,20,23,20,"13,04%","100,00%",FALSE
aws-analytics-genai-llm-workshop,Amazon AWS,https://github.com/aws-samples/aws-analytics-genai-llm-workshop,7,1,3,6,Jupyter Notebook,17.242,91.162,02/08/2023,21/09/2023,38,0,1,19,1,0,17,0,10,29,3,12,15,3,12,15,6,"20,00%","50,00%",FALSE
aws-appsync-resolver-samples,Amazon AWS,https://github.com/aws-samples/aws-appsync-resolver-samples,57,8,9,5,JavaScript,580,2.022,01/11/2022,29/04/2024,49,1,5,28,1,9,18,0,3,21,1,10,11,0,9,9,9,"0,00%","100,00%",FALSE
aws-athena-udfs-textanalytics,Amazon AWS,https://github.com/aws-samples/aws-athena-udfs-textanalytics,10,6,6,5,Java,422,96.813,24/02/2021,04/03/2024,74,3,0,9,3,5,26,0,5,15,1,22,23,1,21,22,17,"4,55%","80,95%",FALSE
aws-auto-inventory,Amazon AWS,https://github.com/aws-samples/aws-auto-inventory,184,28,9,6,Python,2.175,14.385,16/01/2023,02/02/2024,319,1,0,17,1,7,3,0,6,17,3,59,62,1,46,47,42,"2,13%","91,30%",FALSE
aws-cdk-emr-s3-trigger,Amazon AWS,https://github.com/aws-samples/aws-cdk-emr-s3-trigger,10,5,8,5,Python,1.337,8.626,10/09/2020,23/10/2023,45,3,1,13,3,11,9,0,9,27,2,23,25,2,23,25,18,"8,00%","78,26%",FALSE
aws-codeguru-profiler-python-demo-application,Amazon AWS,https://github.com/aws-samples/aws-codeguru-profiler-python-demo-application,12,29,6,7,Python,1.062,55.912,26/10/2020,22/12/2023,53,3,1,26,3,9,24,0,7,28,3,42,45,3,42,45,32,"6,67%","76,19%",FALSE
aws-codepipeline-bitbucket-integration,Amazon AWS,https://github.com/aws-samples/aws-codepipeline-bitbucket-integration,32,37,9,9,JavaScript,126,6.189,17/09/2019,16/07/2024,33,4,9,29,4,11,2,0,1,3,7,23,30,3,10,13,8,"23,08%","80,00%",FALSE
aws-cognito-java-desktop-app,Amazon AWS,https://github.com/aws-samples/aws-cognito-java-desktop-app,104,76,26,10,Java,193,68.734,20/09/2017,15/03/2024,39,6,5,24,6,10,30,0,5,4,0,15,15,0,6,6,6,"0,00%","100,00%",FALSE
aws-control-tower-guardduty-enabler,Amazon AWS,https://github.com/aws-samples/aws-control-tower-guardduty-enabler,40,26,6,5,Python,8.819,23.730,27/02/2020,28/11/2023,35,3,9,1,4,5,23,0,8,22,0,27,27,0,15,15,13,"0,00%","86,67%",FALSE
aws-control-tower-securityhub-enabler,Amazon AWS,https://github.com/aws-samples/aws-control-tower-securityhub-enabler,57,36,8,8,Python,227,36.856,27/02/2020,28/11/2023,37,3,9,1,4,5,23,0,8,22,1,31,32,0,14,14,12,"0,00%","85,71%",FALSE
aws-dataexchange-api-samples,Amazon AWS,https://github.com/aws-samples/aws-dataexchange-api-samples,21,13,8,13,Python,8.963,79.669,07/04/2021,07/03/2024,171,2,11,0,3,4,12,0,5,12,6,84,90,4,75,79,69,"5,06%","92,00%",FALSE
aws-decoupled-serverless-scheduler,Amazon AWS,https://github.com/aws-samples/aws-decoupled-serverless-scheduler,24,8,14,8,Python,1.420,40.260,26/11/2019,26/04/2024,26,4,5,0,4,8,24,0,3,24,0,8,8,0,8,8,7,"0,00%","87,50%",FALSE
aws-eks-crac,Amazon AWS,https://github.com/aws-samples/aws-eks-crac,12,3,2,5,JavaScript,1.629,9.228,14/10/2023,07/05/2024,57,0,6,23,0,10,5,0,3,12,1,17,18,1,17,18,17,"5,56%","100,00%",FALSE
aws-health-events-insight,Amazon AWS,https://github.com/aws-samples/aws-health-events-insight,35,11,4,6,Python,7.181,26.025,26/06/2023,28/06/2024,144,1,0,2,1,1,24,0,1,22,2,5,7,1,5,6,5,"16,67%","100,00%",FALSE
aws-iot-robot-connectivity-samples-ros2,Amazon AWS,https://github.com/aws-samples/aws-iot-robot-connectivity-samples-ros2,9,9,9,6,Python,462,44.567,18/11/2022,24/05/2024,9,1,6,6,1,9,1,0,2,26,0,9,9,0,9,9,8,"0,00%","88,89%",FALSE
aws-lambda-java-workshop,Amazon AWS,https://github.com/aws-samples/aws-lambda-java-workshop,50,28,4,8,Java,611.198,98.133,10/05/2024,07/08/2024,989,0,2,28,0,3,9,0,0,12,2,1061,1063,1,1058,1059,407,"0,09%","38,47%",FALSE
aws-management-and-governance-samples,Amazon AWS,https://github.com/aws-samples/aws-management-and-governance-samples,59,38,11,9,Python,1.543,52.893,16/06/2020,01/08/2024,69,4,1,16,4,2,3,0,0,18,5,18,23,4,17,21,16,"19,05%","94,12%",FALSE
aws-marketplace-api-samples,Amazon AWS,https://github.com/aws-samples/aws-marketplace-api-samples,12,13,17,10,Python,200,12.146,17/12/2020,28/05/2024,42,3,5,11,3,8,2,0,2,22,2,27,29,2,27,29,20,"6,90%","74,07%",FALSE
aws-marketplace-serverless-saas-integration,Amazon AWS,https://github.com/aws-samples/aws-marketplace-serverless-saas-integration,119,72,20,23,JavaScript,7.105,22.162,29/06/2021,03/08/2024,146,3,1,5,3,1,21,0,0,16,20,58,78,1,46,47,38,"2,13%","82,61%",FALSE
aws-medialive-channel-orchestrator,Amazon AWS,https://github.com/aws-samples/aws-medialive-channel-orchestrator,11,7,5,5,JavaScript,2.776,95.789,03/11/2022,20/06/2024,53,1,7,17,1,9,16,0,1,30,1,35,36,1,35,36,28,"2,78%","80,00%",FALSE
aws-mlflow-sagemaker-cdk,Amazon AWS,https://github.com/aws-samples/aws-mlflow-sagemaker-cdk,27,8,6,6,Jupyter Notebook,27.220,75.187,13/10/2021,08/07/2024,78,2,8,25,2,10,6,0,1,11,4,35,39,4,29,33,19,"12,12%","65,52%",FALSE
aws-modernization-with-snyk-security,Amazon AWS,https://github.com/aws-samples/aws-modernization-with-snyk-security,0,0,10,6,Python,13.910,32.529,18/10/2021,10/11/2023,30,2,0,23,2,10,1,0,9,9,0,8,8,0,8,8,8,"0,00%","100,00%",FALSE
aws-multi-region-bc-dr-workshop,Amazon AWS,https://github.com/aws-samples/aws-multi-region-bc-dr-workshop,9,12,27,7,Python,24.289,48.442,28/11/2019,12/01/2024,204,4,1,15,4,8,22,0,7,7,2,30,32,1,30,31,26,"3,23%","86,67%",FALSE
aws-nitro-enclave-blockchain-wallet,Amazon AWS,https://github.com/aws-samples/aws-nitro-enclave-blockchain-wallet,35,9,5,6,Python,11.185,31.952,08/06/2022,02/07/2024,20,2,0,24,2,2,11,0,1,17,2,27,29,0,17,17,12,"0,00%","70,59%",FALSE
aws-nitro-enclaves-workshop,Amazon AWS,https://github.com/aws-samples/aws-nitro-enclaves-workshop,29,22,10,10,Python,3.449,21.650,08/07/2021,13/09/2023,112,2,2,5,3,1,11,0,11,6,2,47,49,2,42,44,38,"4,55%","90,48%",FALSE
aws-panorama-samples,Amazon AWS,https://github.com/aws-samples/aws-panorama-samples,82,58,14,20,Python,365.450,87.962,25/07/2022,05/03/2024,381,1,7,9,2,0,25,0,5,14,14,88,102,6,67,73,62,"8,22%","92,54%",FALSE
aws-reinvent-2023-code-talk-assets,Amazon AWS,https://github.com/aws-samples/aws-reinvent-2023-code-talk-assets,2,0,5,5,Jupyter Notebook,2.107,61.895,04/10/2023,27/11/2023,35,0,1,23,0,10,15,0,8,23,0,2,2,0,2,2,2,"0,00%","100,00%",FALSE
aws-resilience-hub-tools,Amazon AWS,https://github.com/aws-samples/aws-resilience-hub-tools,19,9,4,8,Python,1.524,28.147,07/02/2023,07/04/2024,64,1,2,0,1,6,12,0,4,12,1,14,15,1,14,15,12,"6,67%","85,71%",FALSE
aws-sam-jenkins-pipeline-tutorial,Amazon AWS,https://github.com/aws-samples/aws-sam-jenkins-pipeline-tutorial,8,11,6,6,JavaScript,152,2.740,22/01/2021,10/07/2024,28,3,5,18,3,6,28,0,1,9,0,14,14,0,14,14,11,"0,00%","78,57%",FALSE
aws-sdk-js-tests,Amazon AWS,https://github.com/aws-samples/aws-sdk-js-tests,55,59,6,5,JavaScript,6.292,11.384,06/08/2021,01/08/2024,173,2,11,26,3,0,13,0,0,18,2,202,204,0,181,181,140,"0,00%","77,35%",FALSE
aws-serverless-developer-experience-workshop-dotnet,Amazon AWS,https://github.com/aws-samples/aws-serverless-developer-experience-workshop-dotnet,11,9,6,6,C#,945,94.540,30/11/2022,22/05/2024,108,1,5,22,1,8,20,0,2,28,0,33,33,0,27,27,25,"0,00%","92,59%",FALSE
aws-serverless-developer-experience-workshop-java,Amazon AWS,https://github.com/aws-samples/aws-serverless-developer-experience-workshop-java,10,6,6,7,Java,877,89.072,24/04/2023,22/05/2024,120,1,0,28,1,3,26,0,2,28,4,39,43,0,33,33,28,"0,00%","84,85%",FALSE
aws-serverless-security-workshop,Amazon AWS,https://github.com/aws-samples/aws-serverless-security-workshop,522,184,30,23,JavaScript,40.425,49.739,25/11/2018,18/04/2024,166,5,4,24,5,8,25,0,4,1,17,48,65,11,41,52,39,"21,15%","95,12%",FALSE
aws-serverless-workshop-innovator-island,Amazon AWS,https://github.com/aws-samples/aws-serverless-workshop-innovator-island,560,224,36,19,JavaScript,34.418,70.375,15/07/2020,23/05/2024,247,3,10,8,4,1,4,0,2,27,0,111,111,0,48,48,34,"0,00%","70,83%",FALSE
aws-step-functions-progress-tracking,Amazon AWS,https://github.com/aws-samples/aws-step-functions-progress-tracking,24,2,3,5,JavaScript,3.949,11.291,13/01/2023,10/05/2024,45,1,3,27,1,7,6,0,3,9,0,20,20,0,18,18,11,"0,00%","61,11%",FALSE
aws-virtual-participant-framework-for-rtc,Amazon AWS,https://github.com/aws-samples/aws-virtual-participant-framework-for-rtc,47,10,9,6,Python,83.354,53.321,09/01/2023,27/02/2024,72,1,1,18,1,7,10,0,5,23,4,42,46,1,21,22,21,"4,55%","100,00%",FALSE
aws-waf-ops-dashboards,Amazon AWS,https://github.com/aws-samples/aws-waf-ops-dashboards,50,18,8,5,Python,4.257,3.264,13/04/2021,23/02/2024,19,2,10,10,3,4,6,0,5,27,0,10,10,0,3,3,3,"0,00%","100,00%",FALSE
awsome-inference,Amazon AWS,https://github.com/aws-samples/awsome-inference,8,2,4,7,Python,626,82.849,04/06/2024,08/08/2024,16,0,2,4,0,2,15,0,0,11,3,12,15,2,12,14,10,"14,29%","83,33%",FALSE
azure-cafe,Microsoft Azure,https://github.com/Azure-Samples/azure-cafe,2,4,15,6,Java,4.876,12.343,07/06/2022,28/06/2024,28,2,0,21,2,2,12,0,1,22,0,5,5,0,5,5,5,"0,00%","100,00%",FALSE
azure-cosmos-db-python-getting-started,Microsoft Azure,https://github.com/Azure-Samples/azure-cosmos-db-python-getting-started,46,52,40,12,Python,114,7.506,10/05/2017,13/05/2024,42,7,0,3,7,3,9,0,3,6,4,19,23,0,18,18,10,"0,00%","55,56%",FALSE
azure-edge-extensions-polyglotnotebook-aio,Microsoft Azure,https://github.com/Azure-Samples/azure-edge-extensions-polyglotnotebook-aio,1,1,12,5,Jupyter Notebook,11.615,73.198,01/12/2023,28/02/2024,24,0,2,27,0,8,18,0,5,22,11,5,16,11,5,16,4,"68,75%","80,00%",FALSE
azure-edge-extensions-retrieval-augmented-generation,Microsoft Azure,https://github.com/Azure-Samples/azure-edge-extensions-retrieval-augmented-generation,7,0,12,6,Python,3.025,28.132,03/01/2024,01/08/2024,32,0,6,29,0,7,16,0,0,18,4,8,12,2,5,7,3,"28,57%","60,00%",FALSE
azure-functions-samples-java,Microsoft Azure,https://github.com/Azure-Samples/azure-functions-samples-java,31,75,24,11,Java,479,72.379,14/02/2020,05/06/2024,66,4,3,22,4,6,5,0,2,14,2,41,43,0,39,39,35,"0,00%","89,74%",FALSE
azure-government-openai-access,Microsoft Azure,https://github.com/Azure-Samples/azure-government-openai-access,18,2,15,6,Python,341,1.264,27/04/2023,31/08/2023,19,0,4,4,1,3,23,0,11,19,3,1,4,0,1,1,1,"0,00%","100,00%",FALSE
azure-load-testing-samples,Microsoft Azure,https://github.com/Azure-Samples/azure-load-testing-samples,16,25,14,5,Python,10.993,45.706,18/04/2023,21/02/2024,127,0,10,3,1,4,1,0,5,29,7,21,28,5,21,26,19,"19,23%","90,48%",FALSE
azure-openai-reverse-proxy,Microsoft Azure,https://github.com/Azure-Samples/azure-openai-reverse-proxy,3,1,11,6,C#,306,31.793,26/02/2024,11/06/2024,77,0,3,16,0,5,24,0,2,8,0,20,20,0,19,19,19,"0,00%","100,00%",FALSE
azure-openai-terraform-deployment-sample,Microsoft Azure,https://github.com/Azure-Samples/azure-openai-terraform-deployment-sample,42,22,16,5,Python,225,14.254,16/05/2023,06/03/2024,75,0,9,19,1,3,3,0,5,13,4,34,38,4,33,37,25,"10,81%","75,76%",FALSE
azure-samples-python-management,Microsoft Azure,https://github.com/Azure-Samples/azure-samples-python-management,158,131,24,27,Python,481,30.252,29/07/2022,27/06/2024,348,1,10,29,2,0,21,0,1,23,20,133,153,4,125,129,112,"3,10%","89,60%",FALSE
azure-search-dotnet-scale,Microsoft Azure,https://github.com/Azure-Samples/azure-search-dotnet-scale,10,8,12,5,C#,71,97.260,27/07/2023,19/01/2024,27,0,5,23,1,0,23,0,7,0,1,10,11,1,9,10,8,"10,00%","88,89%",FALSE
azure-search-java-samples,Microsoft Azure,https://github.com/Azure-Samples/azure-search-java-samples,2,13,22,10,Java,245,15.441,16/07/2019,05/12/2023,145,4,4,19,5,1,3,0,8,14,0,50,50,0,49,49,39,"0,00%","79,59%",FALSE
azure-search-python-samples,Microsoft Azure,https://github.com/Azure-Samples/azure-search-python-samples,69,238,26,15,Jupyter Notebook,2.075,90.444,25/10/2022,23/07/2024,267,1,8,28,1,9,25,0,0,27,4,109,113,3,102,105,87,"2,86%","85,29%",FALSE
azure-service-operator-samples,Microsoft Azure,https://github.com/Azure-Samples/azure-service-operator-samples,12,18,21,13,Go,9.404,10.899,03/10/2019,18/03/2024,98,4,5,15,4,10,16,0,5,1,1,49,50,1,48,49,37,"2,04%","77,08%",FALSE
azure-spring-data-cosmos-java-sql-api-samples,Spring Boot,https://github.com/Azure-Samples/azure-spring-data-cosmos-java-sql-api-samples,12,7,36,7,Java,37,18.176,12/08/2020,23/07/2024,42,3,11,11,4,0,7,0,0,27,2,16,18,2,11,13,11,"15,38%","100,00%",FALSE
azure-sql-binding-func-dotnet-todo,Microsoft Azure,https://github.com/Azure-Samples/azure-sql-binding-func-dotnet-todo,11,13,14,5,C#,148,13.396,17/11/2021,05/10/2023,13,1,10,18,2,9,2,0,10,14,0,7,7,0,7,7,6,"0,00%","85,71%",FALSE
azure-sql-db-dotnet-rest-api,Microsoft Azure,https://github.com/Azure-Samples/azure-sql-db-dotnet-rest-api,32,29,18,7,C#,51,13.384,16/12/2019,06/08/2024,69,4,7,21,4,8,3,0,0,13,1,5,6,1,4,5,3,"20,00%","75,00%",FALSE
azure-sql-db-fullstack-serverless-kickstart,Microsoft Azure,https://github.com/Azure-Samples/azure-sql-db-fullstack-serverless-kickstart,42,100,12,6,C#,690,49.693,09/09/2022,23/10/2023,276,1,1,14,1,11,10,0,9,27,3,28,31,3,27,30,20,"10,00%","74,07%",FALSE
azure-sql-db-fusioncache,Microsoft Azure,https://github.com/Azure-Samples/azure-sql-db-fusioncache,7,4,15,7,C#,558,12.735,06/04/2022,06/08/2024,45,2,4,0,2,4,13,0,0,13,0,3,3,0,3,3,3,"0,00%","100,00%",FALSE
azure-sql-db-sync-api-change-tracking,Microsoft Azure,https://github.com/Azure-Samples/azure-sql-db-sync-api-change-tracking,63,22,21,6,C#,41,11.205,21/02/2020,06/08/2024,29,4,5,16,4,5,29,0,0,13,1,3,4,1,2,3,2,"33,33%","100,00%",FALSE
azure-sql-db-todo-backend-func-node,Microsoft Azure,https://github.com/Azure-Samples/azure-sql-db-todo-backend-func-node,13,11,13,6,JavaScript,122,9.597,15/09/2020,06/08/2024,32,3,10,22,3,11,4,0,0,13,0,2,2,0,2,2,2,"0,00%","100,00%",FALSE
azure-sql-db-who-am-i,Microsoft Azure,https://github.com/Azure-Samples/azure-sql-db-who-am-i,5,7,13,7,C#,250,9.445,02/08/2022,06/08/2024,36,2,0,4,2,0,17,0,0,13,1,4,5,1,4,5,3,"20,00%","75,00%",FALSE
azure-sql-functions-geocode,Microsoft Azure,https://github.com/Azure-Samples/azure-sql-functions-geocode,7,3,15,5,Jupyter Notebook,171,16.329,20/09/2022,05/10/2023,20,1,0,15,1,10,30,0,10,14,0,3,3,0,3,3,3,"0,00%","100,00%",FALSE
bedrock-access-gateway,Amazon AWS,https://github.com/aws-samples/bedrock-access-gateway,163,32,19,6,Python,556,44.498,27/03/2024,09/08/2024,58,0,4,13,0,4,23,0,0,10,16,21,37,4,10,14,6,"28,57%","60,00%",FALSE
build-your-first-orleans-app-aspnetcore,Microsoft Azure,https://github.com/Azure-Samples/build-your-first-orleans-app-aspnetcore,8,10,14,6,C#,44,3.022,05/07/2022,09/01/2024,39,1,6,4,2,1,14,0,7,10,0,11,11,0,11,11,10,"0,00%","90,91%",FALSE
cassandra-mi-client-configurator,Microsoft Azure,https://github.com/Azure-Samples/cassandra-mi-client-configurator,1,2,18,5,Python,72,15.066,11/10/2023,01/12/2023,20,0,1,20,0,10,8,0,8,18,2,4,6,2,4,6,4,"33,33%","100,00%",FALSE
cdk-amazon-mwaa-cicd,Amazon AWS,https://github.com/aws-samples/cdk-amazon-mwaa-cicd,27,5,3,5,Python,1.764,63.435,17/09/2021,15/05/2024,39,2,7,28,2,11,2,0,3,4,9,25,34,9,25,34,14,"26,47%","56,00%",FALSE
cdn-dotnet-manage-cdn,Microsoft Azure,https://github.com/Azure-Samples/cdn-dotnet-manage-cdn,9,4,23,10,C#,28.214,12.578,20/12/2016,17/01/2024,40,7,0,28,7,7,30,0,7,2,3,13,16,2,13,15,3,"13,33%","23,08%",FALSE
clickstream-consumer-for-apache-kafka,Amazon AWS,https://github.com/aws-samples/clickstream-consumer-for-apache-kafka,5,9,2,7,Java,45,70.177,30/06/2020,08/05/2024,35,3,10,8,4,1,20,0,3,11,3,16,19,3,16,19,12,"15,79%","75,00%",FALSE
clickstream-producer-for-apache-kafka,Amazon AWS,https://github.com/aws-samples/clickstream-producer-for-apache-kafka,16,18,2,6,Java,46,59.255,30/06/2020,12/12/2023,41,3,5,12,4,1,20,0,8,7,1,18,19,0,17,17,15,"0,00%","88,24%",FALSE
cognitive-services-python-sdk-samples,Microsoft Azure,https://github.com/Azure-Samples/cognitive-services-python-sdk-samples,158,189,37,26,Python,12.204,2.753,27/09/2019,07/03/2024,250,4,5,9,4,10,23,0,5,12,6,96,102,3,80,83,66,"3,61%","82,50%",FALSE
communication-services-android-calling-hero,Microsoft Azure,https://github.com/Azure-Samples/communication-services-android-calling-hero,11,17,29,12,Java,833,44.106,09/03/2021,06/03/2024,68,2,11,26,3,5,10,0,5,13,1,135,136,1,129,130,113,"0,77%","87,60%",FALSE
communication-services-python-quickstarts,Microsoft Azure,https://github.com/Azure-Samples/communication-services-python-quickstarts,17,33,32,27,Python,11.390,91.574,29/03/2023,29/04/2024,171,1,1,0,1,4,21,0,3,21,10,42,52,8,42,50,39,"16,00%","92,86%",FALSE
communication-services-ui-library-maui,Microsoft Azure,https://github.com/Azure-Samples/communication-services-ui-library-maui,13,5,191,7,C#,593,95.555,06/12/2022,02/07/2024,29,1,6,26,1,8,13,0,1,17,8,32,40,1,18,19,16,"5,26%","88,89%",FALSE
communication-services-ui-library-xamarin,Microsoft Azure,https://github.com/Azure-Samples/communication-services-ui-library-xamarin,9,6,28,6,C#,618,82.156,30/08/2022,08/02/2024,18,1,5,9,1,11,20,0,6,11,4,24,28,0,15,15,11,"0,00%","73,33%",FALSE
compute-dotnet-manage-user-assigned-msi-enabled-virtual-machine,Microsoft Azure,https://github.com/Azure-Samples/compute-dotnet-manage-user-assigned-msi-enabled-virtual-machine,0,1,22,7,C#,28.147,21.764,13/02/2018,02/02/2024,16,5,11,20,6,6,6,0,6,17,7,3,10,7,3,10,1,"70,00%","33,33%",FALSE
compute-dotnet-manage-vm-async,Microsoft Azure,https://github.com/Azure-Samples/compute-dotnet-manage-vm-async,1,5,22,10,C#,28.207,21.945,11/04/2017,17/01/2024,32,6,9,6,7,4,8,0,7,2,3,12,15,2,12,14,1,"14,29%","8,33%",FALSE
container-apps-dynamic-sessions-samples,Microsoft Azure,https://github.com/Azure-Samples/container-apps-dynamic-sessions-samples,6,7,12,5,Python,37,15.592,07/05/2024,21/05/2024,26,0,0,14,0,3,12,0,2,29,1,2,3,1,2,3,2,"33,33%","100,00%",FALSE
cosmos-db-nosql-dotnet-samples,Microsoft Azure,https://github.com/Azure-Samples/cosmos-db-nosql-dotnet-samples,24,21,27,5,C#,69,21.645,03/11/2022,08/07/2024,42,1,8,5,1,9,16,0,1,11,0,14,14,0,14,14,12,"0,00%","85,71%",FALSE
cosmos-db-nosql-python-samples,Microsoft Azure,https://github.com/Azure-Samples/cosmos-db-nosql-python-samples,7,3,28,5,Python,20.548,20.356,03/11/2022,14/09/2023,102,0,10,11,1,9,16,0,11,5,0,28,28,0,27,27,26,"0,00%","96,30%",FALSE
cosmos-dotnet-core-getting-started,Microsoft Azure,https://github.com/Azure-Samples/cosmos-dotnet-core-getting-started,14,16,37,6,C#,22,12.576,25/11/2018,24/10/2023,15,4,10,29,5,8,25,0,9,26,3,2,5,1,2,3,2,"33,33%","100,00%",FALSE
cosmosdb-dotnet-create-cosmosdb-and-get-mongodb-connection-string,Microsoft Azure,https://github.com/Azure-Samples/cosmosdb-dotnet-create-cosmosdb-and-get-mongodb-connection-string,0,2,17,5,C#,27.578,8.562,14/01/2020,17/01/2024,8,4,0,3,4,7,5,0,7,2,2,11,13,2,11,13,2,"15,38%","18,18%",FALSE
cost-effective-aws-deployment-of-comfyui,Amazon AWS,https://github.com/aws-samples/cost-effective-aws-deployment-of-comfyui,39,6,3,5,Python,20.239,73.278,23/02/2024,01/08/2024,28,0,5,9,0,5,27,0,0,18,1,4,5,1,2,3,2,"33,33%","100,00%",FALSE
custom-web-experience-with-amazon-q-business,Amazon AWS,https://github.com/aws-samples/custom-web-experience-with-amazon-q-business,27,13,6,5,Python,2.277,12.478,13/03/2024,19/07/2024,81,0,4,6,0,5,6,0,1,0,1,20,21,0,18,18,17,"0,00%","94,44%",FALSE
data-box-samples,Microsoft Azure,https://github.com/Azure-Samples/data-box-samples,0,3,12,7,Java,188,83.120,24/09/2021,01/04/2024,46,2,6,8,2,10,26,0,4,18,0,8,8,0,8,8,7,"0,00%","87,50%",FALSE
data-engineering-for-aws-immersion-day,Amazon AWS,https://github.com/aws-samples/data-engineering-for-aws-immersion-day,174,95,24,5,Java,190.466,23.875,09/10/2019,18/04/2024,104,4,6,9,4,10,10,0,4,1,3,34,37,0,25,25,21,"0,00%","84,00%",FALSE
digital-twins-docs-code,Microsoft Azure,https://github.com/Azure-Samples/digital-twins-docs-code,1,14,14,15,C#,204,62.316,07/07/2021,26/02/2024,221,2,7,19,3,1,12,0,5,24,0,63,63,0,63,63,59,"0,00%","93,65%",FALSE
digital-twins-iothub-integration,Microsoft Azure,https://github.com/Azure-Samples/digital-twins-iothub-integration,15,11,9,7,C#,563,18.158,30/07/2020,05/10/2023,50,3,2,5,4,0,20,0,10,14,3,17,20,2,17,19,16,"10,53%","94,12%",FALSE
dns-dotnet-host-and-manage-your-domains,Microsoft Azure,https://github.com/Azure-Samples/dns-dotnet-host-and-manage-your-domains,5,4,22,9,C#,28.215,28.600,20/12/2016,17/01/2024,36,7,0,28,7,7,30,0,7,2,3,13,16,2,13,15,3,"13,33%","23,08%",FALSE
drs-malware-scan,Amazon AWS,https://github.com/aws-samples/drs-malware-scan,9,1,1,5,Python,57.454,97.768,23/08/2023,31/10/2023,55,0,2,8,0,11,27,0,9,19,1,2,3,1,2,3,2,"33,33%","100,00%",FALSE
durablefunctions-apiscraping-dotnet,Microsoft Azure,https://github.com/Azure-Samples/durablefunctions-apiscraping-dotnet,111,99,20,5,C#,34,7.395,31/08/2018,24/10/2023,42,5,1,23,5,11,19,0,9,26,1,12,13,1,8,9,7,"11,11%","87,50%",FALSE
e2e-dotnetcore-function-sendemail,Microsoft Azure,https://github.com/Azure-Samples/e2e-dotnetcore-function-sendemail,4,5,15,5,C#,34,4.345,26/07/2021,05/10/2023,19,2,2,9,3,0,24,0,10,14,0,4,4,0,4,4,4,"0,00%","100,00%",FALSE
edge_diffusion_on_eks,Amazon AWS,https://github.com/aws-samples/edge_diffusion_on_eks,48,10,11,5,Python,10.030,80.086,16/02/2024,24/04/2024,398,0,2,8,0,6,3,0,3,26,0,34,34,0,33,33,27,"0,00%","81,82%",FALSE
eks-multi-cluster-gitops,Amazon AWS,https://github.com/aws-samples/eks-multi-cluster-gitops,220,46,13,8,Python,7.492,21.342,28/07/2022,18/05/2024,245,1,9,20,2,0,22,0,3,1,14,81,95,7,62,69,51,"10,14%","82,26%",FALSE
eks-workshop-developers,Amazon AWS,https://github.com/aws-samples/eks-workshop-developers,7,3,12,10,JavaScript,15.769,15.098,11/12/2023,01/08/2024,38,0,7,21,0,8,8,0,0,18,6,57,63,4,54,58,38,"6,90%","70,37%",FALSE
engineering-quickstarts-for-serverless-and-container-applications,Amazon AWS,https://github.com/aws-samples/engineering-quickstarts-for-serverless-and-container-applications,7,3,3,7,Java,129,34.637,05/09/2023,02/01/2024,51,0,3,28,0,11,14,0,7,17,5,5,10,3,4,7,3,"42,86%","75,00%",FALSE
eventhub-dotnet-manage-event-hub,Microsoft Azure,https://github.com/Azure-Samples/eventhub-dotnet-manage-event-hub,3,3,22,8,C#,27.599,10.908,08/03/2018,17/01/2024,16,5,10,9,6,5,11,0,7,2,2,10,12,2,10,12,1,"16,67%","10,00%",FALSE
eventhub-dotnet-manage-event-hub-events,Microsoft Azure,https://github.com/Azure-Samples/eventhub-dotnet-manage-event-hub-events,0,1,22,8,C#,27.596,11.228,27/03/2018,17/01/2024,15,5,9,21,6,4,23,0,7,2,2,10,12,2,10,12,1,"16,67%","10,00%",FALSE
eventhub-dotnet-manage-event-hub-geo-disaster-recovery,Microsoft Azure,https://github.com/Azure-Samples/eventhub-dotnet-manage-event-hub-geo-disaster-recovery,0,2,22,8,C#,27.598,11.025,08/03/2018,17/01/2024,18,5,10,9,6,5,11,0,7,2,2,10,12,2,10,12,1,"16,67%","10,00%",FALSE
fedramp-integrated-inventory-workbook,Amazon AWS,https://github.com/aws-samples/fedramp-integrated-inventory-workbook,18,8,6,6,Python,27.568,39.335,03/01/2020,01/08/2024,18,4,6,29,4,7,16,0,0,18,6,5,11,3,5,8,4,"37,50%","80,00%",FALSE
feign-eureka,Spring Boot,https://github.com/spring-cloud-samples/feign-eureka,233,164,17,5,Java,120,2.288,07/01/2015,17/06/2024,20,9,5,10,9,7,12,0,2,2,10,11,21,3,6,9,4,"33,33%","66,67%",FALSE
flask-app-on-azure-functions,Microsoft Azure,https://github.com/Azure-Samples/flask-app-on-azure-functions,23,38,15,6,Python,40,845,04/02/2022,07/08/2024,31,2,6,3,2,6,15,0,0,12,1,3,4,0,2,2,2,"0,00%","100,00%",FALSE
functions-docs-csharp,Microsoft Azure,https://github.com/Azure-Samples/functions-docs-csharp,11,21,15,6,C#,50,14.395,22/01/2020,21/03/2024,51,4,1,28,4,6,28,0,4,29,0,13,13,0,13,13,11,"0,00%","84,62%",FALSE
functions-docs-javascript,Microsoft Azure,https://github.com/Azure-Samples/functions-docs-javascript,1,5,15,5,JavaScript,90,12.324,22/01/2020,25/04/2024,28,4,3,3,4,6,28,0,3,25,3,7,10,3,6,9,6,"33,33%","100,00%",FALSE
graceful-shutdown-with-aws-lambda,Amazon AWS,https://github.com/aws-samples/graceful-shutdown-with-aws-lambda,69,12,19,8,Python,1.749,16.183,27/07/2021,09/04/2024,57,2,8,13,3,0,23,0,4,10,1,15,16,0,14,14,11,"0,00%","78,57%",FALSE
graviton-workshop,Amazon AWS,https://github.com/aws-samples/graviton-workshop,18,24,5,12,Python,353,95.540,12/04/2021,28/06/2024,70,3,2,16,3,4,7,0,1,22,0,31,31,0,28,28,22,"0,00%","78,57%",FALSE
gs-accessing-data-jpa,Spring Boot,https://github.com/spring-guides/gs-accessing-data-jpa,229,347,38,22,Java,1.198,4.845,06/05/2016,02/08/2024,249,8,2,27,8,3,13,0,0,17,0,69,69,0,42,42,27,"0,00%","64,29%",FALSE
gs-accessing-data-mongodb,Spring Boot,https://github.com/spring-guides/gs-accessing-data-mongodb,136,161,35,15,Java,1.147,5.226,26/02/2016,01/08/2024,240,8,5,6,8,5,24,0,0,18,1,48,49,0,26,26,20,"0,00%","76,92%",FALSE
gs-accessing-data-mysql,Spring Boot,https://github.com/spring-guides/gs-accessing-data-mysql,193,305,28,22,Java,1.106,4.523,25/01/2017,02/08/2024,176,7,6,8,7,6,25,0,0,17,0,65,65,0,36,36,26,"0,00%","72,22%",FALSE
gs-accessing-data-neo4j,Spring Boot,https://github.com/spring-guides/gs-accessing-data-neo4j,29,49,27,19,Java,1.226,4.954,22/01/2016,20/06/2024,249,8,4,29,8,6,28,0,1,30,4,45,49,0,30,30,24,"0,00%","80,00%",FALSE
gs-accessing-data-r2dbc,Spring Boot,https://github.com/spring-guides/gs-accessing-data-r2dbc,47,21,20,9,Java,537,5.496,12/11/2014,23/07/2024,132,9,8,11,9,9,7,0,0,27,0,7,7,0,5,5,3,"0,00%","60,00%",FALSE
gs-accessing-data-rest,Spring Boot,https://github.com/spring-guides/gs-accessing-data-rest,145,223,27,13,Java,1.241,6.843,18/12/2015,25/07/2024,153,8,7,7,8,8,1,0,0,25,1,41,42,0,26,26,17,"0,00%","65,38%",FALSE
gs-accessing-mongodb-data-rest,Spring Boot,https://github.com/spring-guides/gs-accessing-mongodb-data-rest,69,97,28,10,Java,1.055,7.104,27/02/2015,19/06/2024,133,9,3,23,9,5,23,0,2,0,2,25,27,0,21,21,16,"0,00%","76,19%",FALSE
gs-accessing-neo4j-data-rest,Spring Boot,https://github.com/spring-guides/gs-accessing-neo4j-data-rest,11,29,22,11,Java,1.118,7.527,28/07/2016,31/07/2024,162,8,0,3,8,0,22,0,0,19,1,30,31,0,22,22,13,"0,00%","59,09%",FALSE
gs-accessing-vault,Spring Boot,https://github.com/spring-guides/gs-accessing-vault,7,12,23,7,Java,428,5.936,20/11/2014,19/06/2024,133,9,6,30,9,8,30,0,2,0,3,9,12,1,8,9,5,"11,11%","62,50%",FALSE
gs-actuator-service,Spring Boot,https://github.com/spring-guides/gs-actuator-service,75,130,31,20,Java,1.194,4.577,31/03/2015,19/06/2024,238,9,2,19,9,4,19,0,2,0,3,32,35,0,25,25,21,"0,00%","84,00%",FALSE
gs-async-method,Spring Boot,https://github.com/spring-guides/gs-async-method,86,92,23,15,Java,1.094,4.751,31/03/2015,18/06/2024,202,9,2,18,9,4,19,0,2,1,2,28,30,0,20,20,17,"0,00%","85,00%",FALSE
gs-authenticating-ldap,Spring Boot,https://github.com/spring-guides/gs-authenticating-ldap,94,153,30,18,Java,1.216,4.930,25/08/2015,02/08/2024,246,8,11,8,8,11,25,0,0,17,3,52,55,0,28,28,19,"0,00%","67,86%",FALSE
gs-batch-processing,Spring Boot,https://github.com/spring-guides/gs-batch-processing,234,417,35,22,Java,1.235,7.041,30/01/2017,02/07/2024,271,7,5,2,7,6,20,0,1,17,0,69,69,0,51,51,39,"0,00%","76,47%",FALSE
gs-caching,Spring Boot,https://github.com/spring-guides/gs-caching,67,85,23,9,Java,1.030,4.788,12/06/2015,01/08/2024,148,9,1,20,9,2,7,0,0,18,0,31,31,0,28,28,18,"0,00%","64,29%",FALSE
gs-centralized-configuration,Spring Boot,https://github.com/spring-guides/gs-centralized-configuration,58,104,31,14,Java,1.854,9.132,10/01/2016,30/07/2024,246,8,6,20,8,7,9,0,0,20,0,30,30,0,19,19,12,"0,00%","63,16%",FALSE
gs-cloud-circuit-breaker,Spring Boot,https://github.com/spring-guides/gs-cloud-circuit-breaker,12,16,20,12,Java,608,4.041,12/06/2015,17/06/2024,148,9,0,5,9,2,7,0,2,2,0,25,25,0,20,20,12,"0,00%","60,00%",FALSE
gs-consuming-rest,Spring Boot,https://github.com/spring-guides/gs-consuming-rest,193,287,30,21,Java,1.192,3.635,22/01/2016,17/06/2024,248,8,4,26,8,6,28,0,2,2,2,59,61,0,35,35,27,"0,00%","77,14%",FALSE
gs-consuming-web-service,Spring Boot,https://github.com/spring-guides/gs-consuming-web-service,134,166,28,9,Java,913,4.060,12/06/2015,17/06/2024,151,9,0,5,9,2,7,0,2,2,4,61,65,0,16,16,12,"0,00%","75,00%",FALSE
gs-contract-rest,Spring Boot,https://github.com/spring-guides/gs-contract-rest,13,29,22,8,Java,692,11.036,26/05/2015,17/06/2024,145,9,0,22,9,2,24,0,2,2,1,20,21,1,10,11,9,"9,09%","90,00%",FALSE
gs-crud-with-vaadin,Spring Boot,https://github.com/spring-guides/gs-crud-with-vaadin,106,140,31,20,Java,1.197,18.076,22/09/2020,06/08/2024,233,3,10,15,3,10,28,0,0,13,1,130,131,0,110,110,80,"0,00%","72,73%",FALSE
gs-gateway,Spring Boot,https://github.com/spring-guides/gs-gateway,106,103,23,8,Java,553,3.674,09/06/2015,23/07/2024,147,9,1,14,9,2,10,0,0,27,0,23,23,0,14,14,8,"0,00%","57,14%",FALSE
gs-graphql-server,Spring Boot,https://github.com/spring-guides/gs-graphql-server,21,36,12,7,Java,320,3.809,04/01/2023,09/08/2024,23,1,7,5,1,7,15,0,0,10,0,10,10,0,10,10,3,"0,00%","30,00%",FALSE
gs-handling-form-submission,Spring Boot,https://github.com/spring-guides/gs-handling-form-submission,45,86,21,13,Java,1.340,4.832,17/03/2015,05/07/2024,191,9,3,18,9,5,2,0,1,14,1,30,31,0,21,21,13,"0,00%","61,90%",FALSE
gs-integration,Spring Boot,https://github.com/spring-guides/gs-integration,12,43,25,13,Java,945,2.682,02/09/2014,23/07/2024,210,9,10,21,9,11,17,0,0,27,0,29,29,0,23,23,17,"0,00%","73,91%",FALSE
gs-managing-transactions,Spring Boot,https://github.com/spring-guides/gs-managing-transactions,19,56,25,11,Java,964,3.892,20/11/2014,02/07/2024,198,9,7,12,9,8,30,0,1,17,0,19,19,0,15,15,10,"0,00%","66,67%",FALSE
gs-messaging-jms,Spring Boot,https://github.com/spring-guides/gs-messaging-jms,90,141,29,21,Java,780,3.257,18/12/2015,02/08/2024,240,8,7,15,8,8,1,0,0,17,0,48,48,0,28,28,19,"0,00%","67,86%",FALSE
gs-messaging-rabbitmq,Spring Boot,https://github.com/spring-guides/gs-messaging-rabbitmq,182,222,33,17,Java,1.016,5.343,16/11/2015,18/06/2024,228,8,7,2,8,9,3,0,2,1,4,45,49,1,28,29,21,"3,45%","75,00%",FALSE
gs-messaging-redis,Spring Boot,https://github.com/spring-guides/gs-messaging-redis,81,82,26,12,Java,1.194,3.245,14/01/2015,27/06/2024,224,9,5,13,9,7,5,0,1,23,0,32,32,0,20,20,14,"0,00%","70,00%",FALSE
gs-messaging-stomp-websocket,Spring Boot,https://github.com/spring-guides/gs-messaging-stomp-websocket,528,470,52,18,Java,6.396,10.583,20/09/2015,29/07/2024,180,8,10,9,8,10,30,0,0,21,1,82,83,0,37,37,18,"0,00%","48,65%",FALSE
gs-multi-module,Spring Boot,https://github.com/spring-guides/gs-multi-module,331,187,36,12,Java,1.429,4.259,25/01/2017,12/06/2024,94,7,4,18,7,6,25,0,2,7,1,60,61,1,26,27,18,"3,70%","69,23%",FALSE
gs-producing-web-service,Spring Boot,https://github.com/spring-guides/gs-producing-web-service,153,254,28,14,Java,1.179,6.995,25/08/2015,25/06/2024,171,8,10,0,8,11,25,0,1,25,1,47,48,0,26,26,14,"0,00%","53,85%",FALSE
gs-reactive-rest-service,Spring Boot,https://github.com/spring-guides/gs-reactive-rest-service,161,130,23,12,Java,609,5.115,26/02/2016,11/06/2024,159,8,3,16,8,5,24,0,2,8,1,27,28,0,16,16,9,"0,00%","56,25%",FALSE
gs-relational-data-access,Spring Boot,https://github.com/spring-guides/gs-relational-data-access,80,145,26,16,Java,1.211,2.857,15/03/2015,04/07/2024,225,9,3,19,9,5,4,0,1,15,4,37,41,2,24,26,19,"7,69%","79,17%",FALSE
gs-rest-hateoas,Spring Boot,https://github.com/spring-guides/gs-rest-hateoas,73,91,26,17,Java,911,5.694,15/06/2015,01/08/2024,235,9,1,17,9,2,4,0,0,18,0,37,37,0,29,29,14,"0,00%","48,28%",FALSE
gs-rest-service,Spring Boot,https://github.com/spring-guides/gs-rest-service,1.372,2.539,105,25,Java,1.628,4.144,31/05/2016,10/06/2024,386,8,0,10,8,2,19,0,2,9,3,154,157,1,93,94,30,"1,06%","32,26%",FALSE
gs-rest-service-cors,Spring Boot,https://github.com/spring-guides/gs-rest-service-cors,110,123,25,16,Java,1.292,5.268,21/07/2015,07/08/2024,169,9,0,17,9,0,29,0,0,12,1,38,39,0,21,21,17,"0,00%","80,95%",FALSE
gs-scheduling-tasks,Spring Boot,https://github.com/spring-guides/gs-scheduling-tasks,124,161,28,12,Java,1.061,4.009,09/06/2015,28/06/2024,255,9,0,19,9,2,10,0,1,22,3,32,35,1,23,24,15,"4,17%","65,22%",FALSE
gs-securing-web,Spring Boot,https://github.com/spring-guides/gs-securing-web,354,437,39,28,Java,1.487,7.902,23/11/2015,01/08/2024,270,8,8,9,8,8,27,0,0,18,1,81,82,0,47,47,29,"0,00%","61,70%",FALSE
gs-service-registration-and-discovery,Spring Boot,https://github.com/spring-guides/gs-service-registration-and-discovery,142,186,26,18,Java,1.451,3.020,19/06/2015,28/06/2024,233,9,0,9,9,2,0,0,1,22,0,34,34,0,21,21,14,"0,00%","66,67%",FALSE
gs-serving-web-content,Spring Boot,https://github.com/spring-guides/gs-serving-web-content,276,666,43,17,Java,1.211,3.772,15/06/2015,01/08/2024,209,9,1,17,9,2,4,0,0,18,1,58,59,1,36,37,17,"2,70%","47,22%",FALSE
gs-spring-boot,Spring Boot,https://github.com/spring-guides/gs-spring-boot,872,4.480,74,30,Java,1.099,3.839,21/04/2017,01/08/2024,254,7,3,11,7,3,29,0,0,18,0,179,179,0,135,135,33,"0,00%","24,44%",FALSE
gs-spring-boot-docker,Spring Boot,https://github.com/spring-guides/gs-spring-boot-docker,620,1.353,55,19,Java,733,3.471,22/07/2017,24/06/2024,182,6,11,2,7,0,28,0,1,26,15,97,112,8,46,54,20,"14,81%","43,48%",FALSE
gs-spring-cloud-loadbalancer,Spring Boot,https://github.com/spring-guides/gs-spring-cloud-loadbalancer,27,38,21,7,Java,383,10.250,25/09/2019,19/12/2023,40,4,2,24,4,10,25,0,8,0,2,13,15,2,9,11,6,"18,18%","66,67%",FALSE
gs-spring-cloud-stream,Spring Boot,https://github.com/spring-guides/gs-spring-cloud-stream,5,13,21,5,Java,601,7.960,24/10/2019,03/07/2024,21,4,8,9,4,9,26,0,1,16,3,5,8,1,4,5,4,"20,00%","100,00%",FALSE
gs-spring-data-reactive-redis,Spring Boot,https://github.com/spring-guides/gs-spring-data-reactive-redis,35,30,22,6,Java,495,3.562,11/06/2014,10/07/2024,121,10,0,29,10,2,8,0,1,9,2,14,16,1,5,6,3,"16,67%","60,00%",FALSE
gs-tanzu-observability,Spring Boot,https://github.com/spring-guides/gs-tanzu-observability,3,9,20,7,Java,2.578,1.629,13/01/2021,29/05/2024,26,3,4,16,3,7,6,0,2,21,1,5,6,1,5,6,5,"16,67%","100,00%",FALSE
gs-testing-restdocs,Spring Boot,https://github.com/spring-guides/gs-testing-restdocs,14,34,23,9,Java,839,3.201,14/03/2017,28/05/2024,60,7,2,14,7,5,5,0,2,22,2,17,19,2,14,16,12,"12,50%","85,71%",FALSE
gs-testing-web,Spring Boot,https://github.com/spring-guides/gs-testing-web,176,128,24,15,Java,889,6.813,26/08/2016,28/05/2024,92,7,9,2,7,11,24,0,2,22,4,40,44,3,26,29,20,"10,34%","76,92%",FALSE
gs-uploading-files,Spring Boot,https://github.com/spring-guides/gs-uploading-files,466,502,36,23,Java,1.081,20.551,02/07/2016,01/08/2024,256,8,0,30,8,1,17,0,0,18,1,94,95,1,43,44,23,"2,27%","53,49%",FALSE
gs-validating-form-input,Spring Boot,https://github.com/spring-guides/gs-validating-form-input,121,122,31,15,Java,1.936,6.282,09/06/2015,01/08/2024,233,9,1,23,9,2,10,0,0,18,0,42,42,0,27,27,13,"0,00%","48,15%",FALSE
gs-vault-config,Spring Boot,https://github.com/spring-guides/gs-vault-config,16,27,22,11,Java,526,4.139,11/12/2014,09/07/2024,134,9,6,28,9,8,8,0,1,10,0,20,20,0,14,14,11,"0,00%","78,57%",FALSE
http-requests-mirroring,Amazon AWS,https://github.com/aws-samples/http-requests-mirroring,24,30,8,7,Go,438,7.962,19/03/2021,29/02/2024,32,2,11,10,3,5,0,0,5,21,2,18,20,0,12,12,6,"0,00%","50,00%",FALSE
http-trigger-azure-function-premium-plan,Microsoft Azure,https://github.com/Azure-Samples/http-trigger-azure-function-premium-plan,8,9,14,5,C#,2.822,15.778,05/03/2021,30/10/2023,36,2,7,25,3,5,14,0,9,20,3,3,6,1,3,4,3,"25,00%","100,00%",FALSE
Hybrid-CSharp-Samples,Microsoft Azure,https://github.com/Azure-Samples/Hybrid-CSharp-Samples,0,4,20,9,C#,59,30.669,10/10/2018,26/01/2024,34,5,3,16,5,10,9,0,6,24,4,24,28,4,24,28,19,"14,29%","79,17%",FALSE
Hybrid-Golang-Samples,Microsoft Azure,https://github.com/Azure-Samples/Hybrid-Golang-Samples,3,4,20,6,Go,77,71.117,06/11/2018,13/09/2023,28,4,10,7,5,9,13,0,11,6,1,22,23,1,22,23,17,"4,35%","77,27%",FALSE
Hybrid-Python-Samples,Microsoft Azure,https://github.com/Azure-Samples/Hybrid-Python-Samples,2,6,20,7,Python,52,34.213,10/12/2018,31/08/2023,37,4,8,21,5,8,9,0,11,19,1,19,20,1,19,20,18,"5,00%","94,74%",FALSE
integration-sample-lambda-msk,Amazon AWS,https://github.com/aws-samples/integration-sample-lambda-msk,10,7,2,7,Java,58,36.415,23/09/2020,06/08/2024,30,3,10,14,3,10,27,0,0,13,4,14,18,2,14,16,11,"12,50%","78,57%",FALSE
iot-reliable-edge-relay,Microsoft Azure,https://github.com/Azure-Samples/iot-reliable-edge-relay,5,8,19,10,C#,982,62.378,18/03/2020,04/10/2023,44,3,6,16,4,5,1,0,10,15,0,14,14,0,12,12,11,"0,00%","91,67%",FALSE
iothub-to-azure-maps-geofencing,Microsoft Azure,https://github.com/Azure-Samples/iothub-to-azure-maps-geofencing,10,15,22,6,C#,30,7.047,28/05/2019,19/10/2023,34,4,4,21,5,2,22,0,10,0,2,2,4,1,2,3,2,"33,33%","100,00%",FALSE
java-native-telemetry,Microsoft Azure,https://github.com/Azure-Samples/java-native-telemetry,4,5,15,5,Java,1.154,45.301,29/02/2024,22/07/2024,99,0,4,23,0,5,21,0,0,28,11,59,70,2,44,46,39,"4,35%","88,64%",FALSE
jp-prototyping-blog,Amazon AWS,https://github.com/aws-samples/jp-prototyping-blog,9,1,5,14,JavaScript,19.867,38.306,14/10/2022,15/01/2024,124,1,3,1,1,10,5,0,7,4,3,76,79,3,71,74,69,"4,05%","97,18%",FALSE
js-e2e-express-server,Microsoft Azure,https://github.com/Azure-Samples/js-e2e-express-server,32,1.473,15,7,JavaScript,669,3.868,11/01/2021,29/04/2024,29,3,3,18,3,7,8,0,3,21,0,45,45,0,42,42,12,"0,00%","28,57%",FALSE
js-e2e-web-app-easy-auth-app-to-app,Microsoft Azure,https://github.com/Azure-Samples/js-e2e-web-app-easy-auth-app-to-app,4,10,12,6,JavaScript,86,23.902,09/02/2023,17/04/2024,77,1,2,8,1,6,10,0,4,2,0,19,19,0,18,18,18,"0,00%","100,00%",FALSE
key-vault-dotnet-manage-key-vaults,Microsoft Azure,https://github.com/Azure-Samples/key-vault-dotnet-manage-key-vaults,53,78,24,11,C#,28.237,11.910,05/10/2016,17/01/2024,45,7,3,12,7,10,14,0,7,2,6,16,22,2,16,18,5,"11,11%","31,25%",FALSE
lake-formation-permissions-sync,Amazon AWS,https://github.com/aws-samples/lake-formation-permissions-sync,7,1,4,5,Python,3.826,66.598,10/01/2023,08/12/2023,19,0,10,28,1,7,9,0,8,11,3,3,6,0,2,2,2,"0,00%","100,00%",FALSE
lambda-extensions-workshop,Amazon AWS,https://github.com/aws-samples/lambda-extensions-workshop,3,2,6,6,JavaScript,488,53.275,23/06/2023,16/10/2023,78,0,3,23,1,1,27,0,10,3,0,23,23,0,23,23,23,"0,00%","100,00%",FALSE
lambdaedge-openidconnect-samples,Amazon AWS,https://github.com/aws-samples/lambdaedge-openidconnect-samples,59,17,5,9,JavaScript,2.131,34.241,28/07/2020,22/03/2024,107,3,7,23,4,0,22,0,4,28,12,57,69,4,44,48,39,"8,33%","88,64%",FALSE
llmops-gha-demo,Microsoft Azure,https://github.com/Azure-Samples/llmops-gha-demo,0,0,10,6,Python,831,8.233,23/08/2023,06/05/2024,64,0,8,13,0,11,27,0,3,13,0,0,0,0,0,0,0,-,-,FALSE
managed-disk-dotnet-convert-existing-virtual-machines-to-use-managed-disks,Microsoft Azure,https://github.com/Azure-Samples/managed-disk-dotnet-convert-existing-virtual-machines-to-use-managed-disks,0,3,22,9,C#,28.200,11.988,06/02/2017,17/01/2024,29,6,11,11,7,6,13,0,7,2,2,11,13,2,11,13,1,"15,38%","9,09%",FALSE
managed-disk-dotnet-create-virtual-machine-using-custom-image,Microsoft Azure,https://github.com/Azure-Samples/managed-disk-dotnet-create-virtual-machine-using-custom-image,4,3,22,10,C#,28.203,26.929,06/02/2017,17/01/2024,29,6,11,11,7,6,13,0,7,2,2,11,13,2,11,13,1,"15,38%","9,09%",FALSE
managed-disk-dotnet-create-virtual-machine-using-custom-image-from-VHD,Microsoft Azure,https://github.com/Azure-Samples/managed-disk-dotnet-create-virtual-machine-using-custom-image-from-VHD,1,3,22,10,C#,28.204,30.221,06/02/2017,17/01/2024,28,6,11,11,7,6,13,0,7,2,2,11,13,2,11,13,1,"15,38%","9,09%",FALSE
migration-effort-estimator,Amazon AWS,https://github.com/aws-samples/migration-effort-estimator,1,0,1,5,Python,1.924,16.481,01/07/2023,02/08/2024,23,1,1,1,1,1,18,0,0,17,1,3,4,1,3,4,2,"25,00%","66,67%",FALSE
MipSDK-File-Java-Basic,Microsoft Azure,https://github.com/Azure-Samples/MipSDK-File-Java-Basic,3,8,13,5,Java,124,24.161,21/08/2020,12/03/2024,41,3,6,20,3,11,29,0,5,7,9,9,18,2,8,10,8,"20,00%","100,00%",FALSE
MipSDK-Protection-Dotnet-Quickstart,Microsoft Azure,https://github.com/Azure-Samples/MipSDK-Protection-Dotnet-Quickstart,2,3,16,5,C#,37,15.744,07/11/2019,28/06/2024,35,4,7,21,4,9,12,0,1,22,2,9,11,1,9,10,8,"10,00%","88,89%",FALSE
MLOpsManufacturing,Microsoft Azure,https://github.com/Azure-Samples/MLOpsManufacturing,20,8,15,14,Python,15.693,84.398,06/10/2020,05/10/2023,65,2,11,29,3,10,13,0,10,14,2,6,8,1,6,7,6,"14,29%","100,00%",FALSE
monitor-dotnet-activitylog-alerts-on-security-breach-or-risk,Microsoft Azure,https://github.com/Azure-Samples/monitor-dotnet-activitylog-alerts-on-security-breach-or-risk,1,2,11,5,C#,27.578,10.100,10/08/2019,17/01/2024,9,4,5,7,5,0,9,0,7,2,2,10,12,2,10,12,1,"16,67%","10,00%",FALSE
monitor-dotnet-autoscale-based-on-performance,Microsoft Azure,https://github.com/Azure-Samples/monitor-dotnet-autoscale-based-on-performance,0,1,11,5,C#,27.576,10.518,10/08/2019,17/01/2024,9,4,5,7,5,0,9,0,7,2,2,10,12,2,10,12,1,"16,67%","10,00%",FALSE
monitor-dotnet-metric-alerts-on-critical-performance,Microsoft Azure,https://github.com/Azure-Samples/monitor-dotnet-metric-alerts-on-critical-performance,1,1,11,5,C#,27.576,10.195,10/08/2019,17/01/2024,10,4,5,7,5,0,9,0,7,2,2,10,12,2,10,12,1,"16,67%","10,00%",FALSE
ms-identity-android-java,Microsoft Azure,https://github.com/Azure-Samples/ms-identity-android-java,29,27,28,18,Java,340,83.173,01/07/2019,08/07/2024,107,5,0,7,5,1,18,0,1,11,16,66,82,4,52,56,47,"7,14%","90,38%",FALSE
ms-identity-android-kotlin,Microsoft Azure,https://github.com/Azure-Samples/ms-identity-android-kotlin,38,39,34,8,Kotlin,303,71.351,17/09/2019,08/07/2024,31,4,9,21,4,11,2,0,1,11,7,21,28,5,13,18,12,"27,78%","92,31%",FALSE
ms-identity-aspnet-daemon-webapp,Microsoft Azure,https://github.com/Azure-Samples/ms-identity-aspnet-daemon-webapp,126,50,47,20,C#,1.111,65.811,03/07/2019,09/05/2024,167,4,10,6,5,1,16,0,3,10,5,87,92,2,71,73,66,"2,74%","92,96%",FALSE
ms-identity-ciam-browser-delegated-android-sample,Microsoft Azure,https://github.com/Azure-Samples/ms-identity-ciam-browser-delegated-android-sample,0,1,10,5,Kotlin,201,13.450,11/12/2023,19/04/2024,19,0,4,8,0,8,8,0,4,0,1,9,10,1,8,9,8,"11,11%","100,00%",FALSE
ms-identity-ciam-native-auth-android-sample,Microsoft Azure,https://github.com/Azure-Samples/ms-identity-ciam-native-auth-android-sample,2,0,10,8,Kotlin,748,82.693,09/10/2023,09/08/2024,63,0,10,0,0,10,10,0,0,10,0,28,28,0,27,27,23,"0,00%","85,19%",FALSE
ms-identity-docs-code-dotnet,Microsoft Azure,https://github.com/Azure-Samples/ms-identity-docs-code-dotnet,21,24,17,11,C#,2.971,79.973,03/11/2021,16/07/2024,82,2,8,13,2,9,16,0,1,3,7,88,95,4,87,91,64,"4,40%","73,56%",FALSE
ms-identity-docs-code-java,Microsoft Azure,https://github.com/Azure-Samples/ms-identity-docs-code-java,3,10,15,7,Java,1.360,58.836,16/11/2021,08/04/2024,28,2,4,23,2,9,3,0,4,11,1,20,21,1,20,21,18,"4,76%","90,00%",FALSE
ms-identity-docs-code-javascript,Microsoft Azure,https://github.com/Azure-Samples/ms-identity-docs-code-javascript,24,19,15,10,JavaScript,3.222,59.474,03/11/2021,22/05/2024,97,2,6,19,2,9,16,0,2,28,25,110,135,22,110,132,89,"16,67%","80,91%",FALSE
ms-identity-docs-code-python,Microsoft Azure,https://github.com/Azure-Samples/ms-identity-docs-code-python,17,22,15,11,Python,357,38.490,10/11/2021,16/07/2024,38,2,8,6,2,9,9,0,1,3,14,28,42,11,28,39,27,"28,21%","96,43%",FALSE
ms-identity-dotnetcore-daemon-graph-cae,Microsoft Azure,https://github.com/Azure-Samples/ms-identity-dotnetcore-daemon-graph-cae,3,3,29,5,C#,347,34.369,15/11/2021,05/10/2023,24,1,10,20,2,9,4,0,10,14,0,1,1,0,1,1,1,"0,00%","100,00%",FALSE
ms-identity-node,Microsoft Azure,https://github.com/Azure-Samples/ms-identity-node,54,28,32,11,JavaScript,126,34.459,16/10/2020,23/05/2024,57,3,7,7,3,10,3,0,2,27,4,15,19,0,14,14,13,"0,00%","92,86%",FALSE
ms-identity-python-webapp-django,Microsoft Azure,https://github.com/Azure-Samples/ms-identity-python-webapp-django,15,5,28,5,Python,61,9.424,12/01/2024,17/05/2024,28,0,4,5,0,7,7,0,3,2,0,2,2,0,2,2,2,"0,00%","100,00%",FALSE
msal-managed-identity,Microsoft Azure,https://github.com/Azure-Samples/msal-managed-identity,4,4,12,10,C#,1.150,22.025,11/05/2023,06/08/2024,78,1,2,26,1,3,8,0,0,13,0,21,21,0,21,21,19,"0,00%","90,48%",FALSE
msdocs-app-service-sqldb-dotnetcore,Microsoft Azure,https://github.com/Azure-Samples/msdocs-app-service-sqldb-dotnetcore,25,1.808,17,5,C#,1.567,40.236,07/01/2022,01/07/2024,32,2,5,24,2,7,12,0,1,18,1,78,79,1,76,77,3,"1,30%","3,95%",FALSE
msdocs-fastapi-postgres-codespace,Microsoft Azure,https://github.com/Azure-Samples/msdocs-fastapi-postgres-codespace,7,26,14,5,Python,20,2.440,16/05/2023,10/06/2024,19,1,0,25,1,3,3,0,2,9,0,3,3,0,3,3,3,"0,00%","100,00%",FALSE
msdocs-python-django-azure-container-apps,Microsoft Azure,https://github.com/Azure-Samples/msdocs-python-django-azure-container-apps,13,72,16,8,Python,121,32.507,10/10/2022,12/12/2023,33,1,2,2,1,10,9,0,8,7,0,14,14,0,12,12,11,"0,00%","91,67%",FALSE
msdocs-python-django-webapp-quickstart,Microsoft Azure,https://github.com/Azure-Samples/msdocs-python-django-webapp-quickstart,31,246,14,11,Python,694,10.146,23/12/2021,08/01/2024,48,2,0,16,2,7,27,0,7,11,1,26,27,1,23,24,8,"4,17%","34,78%",FALSE
msk-config-providers,Amazon AWS,https://github.com/aws-samples/msk-config-providers,11,5,4,6,Java,61,49.943,11/11/2022,29/04/2024,28,1,5,18,1,9,8,0,3,21,7,18,25,1,8,9,7,"11,11%","87,50%",FALSE
network-dotnet-create-simple-internet-facing-load-balancer,Microsoft Azure,https://github.com/Azure-Samples/network-dotnet-create-simple-internet-facing-load-balancer,3,1,22,10,C#,28.215,42.721,22/08/2017,17/01/2024,33,6,4,26,6,11,28,0,7,2,2,10,12,2,10,12,1,"16,67%","10,00%",FALSE
network-dotnet-manage-internal-load-balancers,Microsoft Azure,https://github.com/Azure-Samples/network-dotnet-manage-internal-load-balancers,2,7,26,13,C#,28.258,36.855,06/07/2016,17/01/2024,55,7,6,11,8,1,13,0,7,2,2,20,22,2,20,22,9,"9,09%","45,00%",FALSE
network-dotnet-manage-internet-facing-load-balancers,Microsoft Azure,https://github.com/Azure-Samples/network-dotnet-manage-internet-facing-load-balancers,0,4,23,9,C#,28.218,44.188,05/10/2016,18/01/2024,38,7,3,13,7,10,14,0,7,1,2,14,16,2,14,16,4,"12,50%","28,57%",FALSE
network-dotnet-manage-ip-address,Microsoft Azure,https://github.com/Azure-Samples/network-dotnet-manage-ip-address,2,7,22,9,C#,28.213,18.337,05/10/2016,18/01/2024,39,7,3,13,7,10,14,0,7,1,2,14,16,2,14,16,4,"12,50%","28,57%",FALSE
network-dotnet-manage-network-interface,Microsoft Azure,https://github.com/Azure-Samples/network-dotnet-manage-network-interface,3,8,23,9,C#,28.212,17.104,05/10/2016,18/01/2024,37,7,3,13,7,10,14,0,7,1,2,15,17,2,15,17,4,"11,76%","26,67%",FALSE
network-dotnet-manage-network-peering,Microsoft Azure,https://github.com/Azure-Samples/network-dotnet-manage-network-peering,3,4,22,8,C#,28.151,14.479,05/10/2017,11/06/2024,20,6,8,6,6,10,14,0,2,8,8,3,11,7,3,10,1,"70,00%","33,33%",FALSE
network-dotnet-manage-network-security-group,Microsoft Azure,https://github.com/Azure-Samples/network-dotnet-manage-network-security-group,3,8,24,9,C#,28.230,22.607,05/10/2016,11/06/2024,36,7,8,6,7,10,14,0,2,8,9,7,16,8,7,15,4,"53,33%","57,14%",FALSE
network-dotnet-manage-virtual-network,Microsoft Azure,https://github.com/Azure-Samples/network-dotnet-manage-virtual-network,1,6,22,9,C#,28.234,20.703,05/10/2016,11/06/2024,37,7,8,6,7,10,14,0,2,8,9,7,16,8,7,15,4,"53,33%","57,14%",FALSE
network-dotnet-manage-virtual-network-async,Microsoft Azure,https://github.com/Azure-Samples/network-dotnet-manage-virtual-network-async,3,3,22,10,C#,28.225,18.515,11/04/2017,11/06/2024,33,7,2,0,7,4,8,0,2,8,8,3,11,8,3,11,1,"72,73%","33,33%",FALSE
network-dotnet-manage-virtual-network-to-virtual-network-vpn-connection,Microsoft Azure,https://github.com/Azure-Samples/network-dotnet-manage-virtual-network-to-virtual-network-vpn-connection,3,4,22,8,C#,28.171,24.795,05/10/2017,11/06/2024,28,6,8,6,6,10,14,0,2,8,7,3,10,7,3,10,1,"70,00%","33,33%",FALSE
network-dotnet-manage-virtual-network-with-site-to-site-vpn-connection,Microsoft Azure,https://github.com/Azure-Samples/network-dotnet-manage-virtual-network-with-site-to-site-vpn-connection,0,4,22,8,C#,28.157,12.050,05/10/2017,11/06/2024,24,6,8,6,6,10,14,0,2,8,8,2,10,8,2,10,1,"80,00%","50,00%",FALSE
nft-access-control-lambda-authorizer,Amazon AWS,https://github.com/aws-samples/nft-access-control-lambda-authorizer,6,3,2,5,JavaScript,4.701,45.622,03/12/2021,09/07/2024,86,2,7,6,2,8,16,0,1,10,28,18,46,27,16,43,11,"62,79%","68,75%",FALSE
observability-with-amazon-opensearch,Amazon AWS,https://github.com/aws-samples/observability-with-amazon-opensearch,81,35,9,10,Python,85.075,82.952,28/03/2023,29/05/2024,452,1,2,1,1,4,22,0,2,21,1,80,81,0,73,73,69,"0,00%","94,52%",FALSE
open-liberty-on-aks,Microsoft Azure,https://github.com/Azure-Samples/open-liberty-on-aks,5,19,16,10,Java,105,24.914,31/12/2020,25/03/2024,101,3,2,23,3,7,19,0,4,25,1,46,47,1,45,46,36,"2,17%","80,00%",FALSE
Orleans-Cluster-on-Azure-App-Service,Microsoft Azure,https://github.com/Azure-Samples/Orleans-Cluster-on-Azure-App-Service,63,49,266,6,C#,1.781,54.660,31/03/2022,08/07/2024,42,2,3,7,2,4,19,0,1,11,1,8,9,1,5,6,4,"16,67%","80,00%",FALSE
pgp-decryption-for-transfer-family,Amazon AWS,https://github.com/aws-samples/pgp-decryption-for-transfer-family,7,11,4,5,Python,3.111,8.722,02/08/2022,12/10/2023,251,1,2,10,2,0,17,0,10,7,0,5,5,0,3,3,3,"0,00%","100,00%",FALSE
podcast-synopsis-generation-openai,Microsoft Azure,https://github.com/Azure-Samples/podcast-synopsis-generation-openai,14,9,12,6,JavaScript,27.903,63.769,05/05/2023,15/05/2024,26,1,0,10,1,3,14,0,3,4,0,6,6,0,6,6,6,"0,00%","100,00%",FALSE
pubsub-dapr-aks-java,Microsoft Azure,https://github.com/Azure-Samples/pubsub-dapr-aks-java,2,6,12,7,Java,662,92.910,02/06/2023,01/02/2024,22,0,7,30,1,2,17,0,6,18,1,7,8,1,5,6,5,"16,67%","100,00%",FALSE
pyflink-getting-started,Amazon AWS,https://github.com/aws-samples/pyflink-getting-started,50,23,8,5,Python,3.246,39.176,21/10/2021,05/12/2023,38,2,1,14,2,9,29,0,8,14,2,25,27,0,12,12,10,"0,00%","83,33%",FALSE
python-data-science-template,Amazon AWS,https://github.com/aws-samples/python-data-science-template,32,4,8,5,Jupyter Notebook,11.775,31.733,17/08/2021,09/04/2024,73,2,7,23,3,0,2,0,4,10,0,10,10,0,10,10,10,"0,00%","100,00%",FALSE
qnabot-on-aws-plugin-samples,Amazon AWS,https://github.com/aws-samples/qnabot-on-aws-plugin-samples,25,13,6,10,Python,43.760,64.504,28/09/2023,10/07/2024,210,0,9,12,0,10,22,0,1,9,3,28,31,0,22,22,21,"0,00%","95,45%",FALSE
quarkus-azure,Microsoft Azure,https://github.com/Azure-Samples/quarkus-azure,2,10,14,6,Java,1.309,39.386,04/10/2022,17/07/2024,32,1,9,13,1,10,15,0,1,2,3,12,15,1,11,12,11,"8,33%","100,00%",FALSE
quote-of-the-day-dotnet,Microsoft Azure,https://github.com/Azure-Samples/quote-of-the-day-dotnet,0,3,9,6,C#,1.039,71.504,09/05/2024,01/08/2024,23,0,2,23,0,3,10,0,0,18,1,6,7,0,5,5,5,"0,00%","100,00%",FALSE
reactive-refarch-cloudformation,Amazon AWS,https://github.com/aws-samples/reactive-refarch-cloudformation,132,52,14,6,Java,1.719,62.560,19/12/2018,07/05/2024,130,5,4,18,5,8,0,0,3,12,0,24,24,0,22,22,19,"0,00%","86,36%",FALSE
rekognition-video-people-blurring-cdk,Amazon AWS,https://github.com/aws-samples/rekognition-video-people-blurring-cdk,18,18,11,5,Python,37.980,23.098,22/08/2021,16/11/2023,29,2,2,25,2,11,28,0,9,3,6,11,17,4,10,14,10,"28,57%","100,00%",FALSE
resources-dotnet-deploy-using-arm-template-with-progress,Microsoft Azure,https://github.com/Azure-Samples/resources-dotnet-deploy-using-arm-template-with-progress,3,5,24,9,C#,28.229,6.380,06/10/2016,11/01/2024,39,7,3,5,7,10,13,0,7,8,8,6,14,8,6,14,3,"57,14%","50,00%",FALSE
saga-orchestration-netcore-blog,Amazon AWS,https://github.com/aws-samples/saga-orchestration-netcore-blog,15,11,10,5,C#,928,41.622,06/07/2021,19/10/2023,16,2,3,13,3,1,13,0,10,0,4,4,8,4,4,8,3,"50,00%","75,00%",FALSE
sagemaker-studio-apps-lifecycle-config-examples,Amazon AWS,https://github.com/aws-samples/sagemaker-studio-apps-lifecycle-config-examples,21,6,3,5,Python,50,28.375,14/11/2023,30/04/2024,19,0,5,16,0,9,5,0,3,20,2,13,15,1,6,7,6,"14,29%","100,00%",FALSE
sam-accelerate-nested-stacks-demo,Amazon AWS,https://github.com/aws-samples/sam-accelerate-nested-stacks-demo,46,9,12,5,Python,121,12.378,16/08/2022,19/03/2024,11,1,7,3,2,0,3,0,5,0,0,4,4,0,4,4,3,"0,00%","75,00%",FALSE
sample-python-helper-aws-appconfig,Amazon AWS,https://github.com/aws-samples/sample-python-helper-aws-appconfig,31,9,5,5,Python,106,23.871,14/08/2020,18/06/2024,64,3,10,4,4,0,5,0,2,1,1,15,16,0,8,8,7,"0,00%","87,50%",FALSE
sc-contract-car-rental,Spring Boot,https://github.com/spring-cloud-samples/sc-contract-car-rental,3,7,6,6,Java,314,25.375,26/10/2018,10/07/2024,136,5,8,14,5,9,24,0,1,9,4,61,65,4,61,65,23,"6,15%","37,70%",FALSE
search-dotnet-getting-started,Microsoft Azure,https://github.com/Azure-Samples/search-dotnet-getting-started,107,160,29,12,C#,1.796,65.187,22/05/2017,24/04/2024,156,6,11,2,7,2,28,0,3,26,2,67,69,2,57,59,51,"3,39%","89,47%",FALSE
secure-pipelines-in-aws-workshop,Amazon AWS,https://github.com/aws-samples/secure-pipelines-in-aws-workshop,37,58,14,5,Python,7.115,79.097,22/11/2019,27/10/2023,47,3,11,5,4,8,28,0,9,23,14,3,17,6,3,9,1,"66,67%","33,33%",FALSE
secure-tunneling-azure-relay,Microsoft Azure,https://github.com/Azure-Samples/secure-tunneling-azure-relay,1,0,14,6,C#,24.274,32.495,07/01/2023,18/10/2023,25,0,9,11,1,7,12,0,10,1,3,11,14,3,11,14,9,"21,43%","81,82%",FALSE
serverless-httpdns,Amazon AWS,https://github.com/aws-samples/serverless-httpdns,8,1,2,5,Python,275,7.698,10/05/2023,16/03/2024,20,0,10,6,1,3,9,0,5,3,1,3,4,1,3,4,3,"25,00%","100,00%",FALSE
serverless-java-frameworks-samples,Amazon AWS,https://github.com/aws-samples/serverless-java-frameworks-samples,148,35,16,10,Java,4.127,68.732,23/02/2022,10/01/2024,40,1,10,18,2,5,27,0,7,9,6,22,28,1,17,18,17,"5,56%","100,00%",FALSE
serverless-store-finder,Amazon AWS,https://github.com/aws-samples/serverless-store-finder,5,2,2,5,Python,14.276,36.803,13/04/2023,21/06/2024,98,1,2,8,1,4,6,0,1,29,0,28,28,0,15,15,15,"0,00%","100,00%",FALSE
simple-websockets-chat-app,Amazon AWS,https://github.com/aws-samples/simple-websockets-chat-app,680,281,27,15,JavaScript,63,3.307,17/12/2018,22/02/2024,71,5,2,5,5,8,2,0,5,28,1,57,58,1,21,22,14,"4,55%","66,67%",FALSE
sleuth-documentation-apps,Spring Boot,https://github.com/spring-cloud-samples/sleuth-documentation-apps,30,62,12,7,Java,616,41.104,05/08/2020,24/08/2023,324,3,0,19,4,0,14,0,11,26,4,122,126,4,122,126,80,"3,17%","65,57%",FALSE
sleuth-issues,Spring Boot,https://github.com/spring-cloud-samples/sleuth-issues,2,5,6,8,Java,643,63.827,29/04/2021,08/08/2024,241,3,3,10,3,3,21,0,0,11,6,164,170,5,164,169,122,"2,96%","74,39%",FALSE
spark-on-aws-lambda,Amazon AWS,https://github.com/aws-samples/spark-on-aws-lambda,87,35,8,13,Python,518.127,62.884,20/03/2023,02/08/2024,152,1,4,13,1,4,30,0,0,17,2,56,58,1,25,26,24,"3,85%","96,00%",FALSE
spring-chatgpt-sample,Spring Boot,https://github.com/Azure-Samples/spring-chatgpt-sample,24,16,19,7,Java,2.559,48.330,15/05/2023,15/04/2024,29,0,11,0,1,3,4,0,4,4,0,11,11,0,9,9,9,"0,00%","100,00%",FALSE
streamlit-application-deployment-on-aws,Amazon AWS,https://github.com/aws-samples/streamlit-application-deployment-on-aws,76,31,7,5,Python,4.182,43.993,10/04/2021,18/04/2024,67,3,0,8,3,4,9,0,4,1,0,23,23,0,22,22,19,"0,00%","86,36%",FALSE
support-insights-with-amazon-q,Amazon AWS,https://github.com/aws-samples/support-insights-with-amazon-q,3,0,3,5,Python,346,38.264,26/01/2024,06/08/2024,60,0,6,11,0,6,24,0,0,13,1,3,4,1,3,4,3,"25,00%","100,00%",FALSE
the-legacy-app,Spring Boot,https://github.com/spring-cloud-samples/the-legacy-app,0,3,6,5,Java,314,24.637,01/12/2017,10/07/2024,75,6,7,9,6,8,18,0,1,9,0,24,24,0,24,24,20,"0,00%","83,33%",FALSE
traffic-manager-dotnet-manage-profiles,Microsoft Azure,https://github.com/Azure-Samples/traffic-manager-dotnet-manage-profiles,1,3,23,9,C#,28.207,46.650,20/12/2016,17/01/2024,32,7,0,28,7,7,30,0,7,2,2,13,15,2,13,15,2,"13,33%","15,38%",FALSE
tut-rest,Spring Boot,https://github.com/spring-guides/tut-rest,519,415,41,22,Java,466,32.110,29/09/2014,07/06/2024,113,9,8,9,9,10,21,0,2,12,3,126,129,0,51,51,28,"0,00%","54,90%",FALSE
tut-spring-boot-kotlin,Spring Boot,https://github.com/spring-guides/tut-spring-boot-kotlin,895,289,45,19,Kotlin,812,11.488,11/05/2018,15/02/2024,105,5,9,4,6,3,8,0,6,4,0,65,65,0,34,34,25,"0,00%","73,53%",FALSE
vercel-nextjs-app-azure-db-mysql,Microsoft Azure,https://github.com/Azure-Samples/vercel-nextjs-app-azure-db-mysql,18,10,14,5,JavaScript,280,5.635,01/02/2023,11/10/2023,33,0,8,10,1,6,18,0,10,8,1,2,3,1,2,3,2,"33,33%","100,00%",FALSE
voice-enabled-patient-diary,Amazon AWS,https://github.com/aws-samples/voice-enabled-patient-diary,14,6,13,8,Python,2.906,82.784,09/11/2020,29/06/2024,57,3,7,20,3,9,10,0,1,21,2,24,26,0,23,23,20,"0,00%","86,96%",FALSE
workshop-migrate-jboss-on-app-service,Microsoft Azure,https://github.com/Azure-Samples/workshop-migrate-jboss-on-app-service,12,87,15,9,Java,33.232,70.313,01/11/2021,11/09/2023,294,1,10,10,2,9,18,0,11,8,4,126,130,0,83,83,71,"0,00%","85,54%",FALSE